Step,Position_X,Position_Y,Position_Z,Velocity_X,Velocity_Y,Velocity_Z,Orientation,Angular_Velocity_X,Angular_Velocity_Y,Angular_Velocity_Z,Action_Type,Action_Vector,Curiosity_Reward,World_Loss,Self_Loss,Reward_Trend
0,-0.017430629629629674,0.0,0.1999899999999995,-0.5229188888888903,0.0,-0.0003000000000150105,"(-0.0, -0.006629274359278282, 0.0, 0.999978026119309)",0.0,-0.3977593749999816,0.0,backward,"[-50.0, 0, 0, 0]",0.4051266312599182,0.16475854814052582,0.03922421857714653,0.4051266312599182
1,-0.05187041497889375,-1.533641065606638e-16,0.19999000000000242,-1.033193560477922,-4.600923196819914e-15,8.743006318923108e-14,"(3.1641654638589735e-17, -0.019594695068615813, -1.9337144136924186e-16, 0.9998080055316461)",1.9754276566322466e-15,-0.7779975763570655,-1.158977063082943e-14,backward,"[-50.0, 0, 0, 0]",0.40472015738487244,0.1646326631307602,0.7880116701126099,0.4049233943223953
2,-0.05187041497889344,-7.435326389655143e-17,0.1999899999999993,9.078598606059748e-15,2.370325279923371e-15,-9.298117831235686e-14,"(-1.658475279099726e-16, -0.019594695068615057, -1.8950095794644557e-16, 0.9998080055316461)",-1.1851626399623455e-14,4.5392993030324e-14,5.210120009992116e-32,stop,"[0, 0, 0, 0]",0.4033597409725189,0.163954958319664,0.014164388179779053,0.4044021765391032
3,-0.06935838317240044,1.3494548353204451e-16,0.1999900000000003,-0.5246390458052098,6.278962422857879e-15,3.0142555118573e-14,"(-3.997514386533603e-16, -0.02578635081498637, -9.66030993069085e-17, 0.999667476769974)",-1.421264718217346e-14,-0.37159561156862814,5.3578534966730346e-15,backward,"[-50.0, 0, 0, 0]",0.4014468491077423,0.16273637115955353,1.1836010344268288e-05,0.40366334468126297
4,-0.06903522214810519,6.899230407480784e-16,0.19999000000000025,0.009694830728857531,1.6649326716481016e-14,-1.27675647831893e-15,"(-1.787839312454271e-15, -0.02497870857301572, -1.0033925953934928e-16, 0.9996879833818272)",-8.324663358240507e-14,0.04847415364428759,-2.3909710937472992e-15,forward,"[50.0, 0, 0, 0]",0.39916688203811646,0.16151045262813568,1.4404779449250782e-06,0.40276405215263367
5,-0.0690352221481047,-1.3070179827888596e-17,0.19999000000000025,1.4777318635568332e-14,-2.108979661727901e-14,1.1102230246251565e-16,"(-3.0904624932568015e-17, -0.02497870857301449, -1.4423891650327886e-16, 0.9996879833818272)",1.0544898308639455e-13,7.38865931778413e-14,5.463188316848689e-30,stop,"[0, 0, 0, 0]",0.3961568772792816,0.15924808382987976,0.0005028389859944582,0.4016628563404083
6,-0.05172118612447557,-2.1169682291711005e-15,0.1999899999999987,0.519421080708874,-6.311694148029636e-14,-4.6629367034256575e-14,"(2.269913429496511e-15, -0.017781373336102923, 7.222942524211509e-16, 0.9998418988831596)",1.3677107180971536e-13,0.4319397804594833,5.541252039921519e-14,forward,"[50.0, 0, 0, 0]",0.3921475410461426,0.15637560188770294,0.16813574731349945,0.40030352558408466
7,-0.01749353245428125,-4.0028003441556035e-15,0.1999899999999988,1.0268296101058296,-5.65749634495351e-14,3.6637359812630166e-15,"(4.701063271939795e-15, -0.003718445455069952, 4.571513634922696e-16, 0.999993086557801)",1.4550355601038873e-13,0.8438313873710115,-1.1403937512440256e-14,forward,"[50.0, 0, 0, 0]",0.3880466818809509,0.15313230454921722,0.032866962254047394,0.39877142012119293
8,0.032993239783105054,-5.725132782699266e-15,0.19998999999999825,1.5146031671215892,-5.1669973156309874e-14,-1.63202784619898e-14,"(7.159097840506928e-15, 0.01663178523467802, 1.7132954796321392e-16, 0.9998616822940599)",1.4703384864897794e-13,1.2210603674847589,-1.0857868173399359e-14,forward,"[50.0, 0, 0, 0]",0.3801403045654297,0.14739137887954712,0.0011854431359097362,0.39670129617055255
9,0.09884508399758873,-7.498987966687267e-15,0.19999000000000716,1.9755553264345107,-5.3215655519640045e-14,2.6750823778343147e-13,"(9.591956376983427e-15, 0.04247752540652877, 3.703438970846139e-16, 0.9990974225946825)",1.462288106326406e-13,1.5514654603913416,2.062352800172206e-14,forward,"[50.0, 0, 0, 0]",0.36499708890914917,0.13621214032173157,0.02683325670659542,0.39353087544441223
10,0.16034227589305505,-9.740251289369718e-15,0.19998999999999145,1.8449157568639891,-6.723789968047352e-14,-4.711786516509164e-13,"(-0.0031755984242331464, 0.04898091390478085, 0.07469202055659026, 0.995997935596693)",5.325601890935233e-14,0.3981249999991115,4.489791666666714,rotate_left,"[0, 0, 0, 5.0]",0.36052098870277405,0.13332264125347137,0.12095964699983597,0.39052997664971784
11,0.23623814066202198,-0.0027273574476177954,0.19998999999998224,2.276875943069008,-0.08182072342824166,-2.7605695507304517e-13,"(-0.005417295303509747, 0.0601411500559127, 0.1420566809652824, 0.9880149767967461)",0.012485401417769456,0.6937313898487634,4.069150393007676,forward,"[50.0, 0, 0, 0]",0.3555094301700592,0.13000309467315674,0.04799401015043259,0.38761159777641296
12,0.32209512482842684,-0.010691513601235457,0.1999899436705944,2.5757095249921464,-0.23892468460852986,-1.6898816358468238e-06,"(-0.007737109831861802, 0.0659075192461211, 0.2012763667644997, 0.9772840734506802)",0.02354905595532634,0.38026564008531705,3.610759959058031,forward,"[50.0, 0, 0, 0]",0.3475190997123718,0.12442765384912491,0.032975438982248306,0.3845275594637944
13,0.4184430545342184,-0.025274000604256712,0.1999899071802901,2.8904378911737463,-0.43747461009063765,-1.0947091280133492e-06,"(-0.007813072882409379, 0.07705726605119811, 0.25561453923857935, 0.9636712826325675)",0.06949093613905147,0.7323253822939939,3.3475705100891835,forward,"[50.0, 0, 0, 0]",0.3345274031162262,0.11533372849225998,0.015526576898992062,0.3809561197246824
14,0.523187545430855,-0.04779178587217764,0.19998990404336117,3.1423347268991,-0.6755335580376279,-9.410786819263883e-08,"(-0.006020748517737361, 0.0904443981052498, 0.30555790750652984, 0.947849105395419)",0.1218681905764037,0.8985402238549623,3.1173606804404046,forward,"[50.0, 0, 0, 0]",0.33271557092666626,0.1142091453075409,0.005872069392353296,0.377740083138148
15,0.634324842708019,-0.0791781657078488,0.1999899305146478,3.3341189183149194,-0.9415913950701347,7.941385991860894e-07,"(-0.0020334407425707706, 0.10589252297055897, 0.3515826389740079, 0.9301463791628437)",0.1869936170170542,1.064820394185487,2.916109838374127,forward,"[50.0, 0, 0, 0]",0.33116331696510315,0.11375194787979126,0.0006861993460915983,0.3748290352523327
16,0.7498506463066771,-0.12003187905126853,0.19998996861221713,3.4657741079597426,-1.2256114003025915,1.1429270795615398e-06,"(0.0043200000765657946, 0.12299046213269998, 0.394008591872601, 0.9108303427940319)",0.26120537084149353,1.2166505622294927,2.733900652011661,forward,"[50.0, 0, 0, 0]",0.3279338777065277,0.11144069582223892,0.0006119870231486857,0.3720704965731677
17,0.8678614483879211,-0.1706593020076293,0.19998995721428547,3.540324062437322,-1.518822688690823,-3.4193794998249594e-07,"(0.013082278090332706, 0.14123474113258425, 0.4330209969134845, 0.8901541541380522)",0.3409353130359734,1.3471875015293777,2.561892388145746,forward,"[50.0, 0, 0, 0]",0.32407882809638977,0.10788074135780334,0.00460616173222661,0.36940429276890224
18,0.9865926073131924,-0.23110373359062972,0.1999899537748604,3.5619347677581383,-1.8133329474900126,-1.0318275253662357e-07,"(0.02415235223484413, 0.16007142336397315, 0.4687383606714784, 0.8683767342224058)",0.42176604929841544,1.4507139376213183,2.395308513643906,forward,"[50.0, 0, 0, 0]",0.3245183825492859,0.10715198516845703,0.008294260129332542,0.367041876441554
19,1.1044151658573012,-0.3011662733703736,0.19998995747288073,3.5346767563232637,-2.1018761933923176,1.1094061036498459e-07,"(0.03726452873170611, 0.1789445761006659, 0.5013313634231261, 0.8457287139685316)",0.4984117137151448,1.5229313172495325,2.2373412250837674,forward,"[50.0, 0, 0, 0]",0.32881492376327515,0.10960277169942856,0.007605433464050293,0.3651305288076401
20,1.219849558702052,-0.3804473276846323,0.19998996087505388,3.4630317853425225,-2.3784316294277614,1.0206519457378604e-07,"(0.05202587812433297, 0.1973667416852563, 0.531045425746249, 0.8223931134657697)",0.5663022258290513,1.5634560384598435,2.0931284774955623,forward,"[50.0, 0, 0, 0]",0.33568111062049866,0.11427966505289078,0.00432009669020772,0.36372817556063336
21,1.3243798752270177,-0.4522393950024568,0.19998996400504737,3.1359094957489755,-2.153762019534736,9.389980426544042e-08,"(0.04311247434884025, 0.20320042977855607, 0.5914857698658044, 0.7790991489788622)",0.22539464674530982,0.32817795402125116,4.4897916666453686,rotate_left,"[0, 0, 0, 5.0]",0.3473985493183136,0.12259113043546677,0.027033420279622078,0.36298591982234607
22,1.419642712518389,-0.5176665003157332,0.19998996688465207,2.857885118741142,-1.9628131593982938,8.638814052996935e-08,"(0.06433820188167963, 0.20144175419326957, 0.5320994911643747, 0.8198487341874622)",0.2253946462794725,0.32817795334297006,-4.4897916666664575,rotate_right,"[0, 0, 0, -5.0]",0.3428427577018738,0.11933501809835434,0.034561946988105774,0.36211013016493426
23,1.5140698970800317,-0.5936794583776945,0.19998996953388173,2.8328155368492838,-2.280388741858838,7.94768903605858e-08,"(0.08527580333687433, 0.1995055571658584, 0.47575703873339154, 0.8523970964995278)",0.2853478124022626,0.39762220518769453,-4.074387837272424,forward,"[50.0, 0, 0, 0]",0.3406093120574951,0.11820915341377258,0.0017913669580593705,0.3612142627437909
24,1.6096302028844545,-0.6780031653916182,0.19998997197115628,2.8668091741326838,-2.52971121041771,7.311823628508574e-08,"(0.10580892399554863, 0.1975202967515662, 0.42241656555607143, 0.8782678686584695)",0.3361609185269653,0.44812443227586735,-3.724920351586371,forward,"[50.0, 0, 0, 0]",0.3488331437110901,0.12305745482444763,0.00013041326019447297,0.3607190179824829
25,1.7077671580610443,-0.7683239202431099,0.1999899742134508,2.9441086552976983,-2.7096226455447527,6.72688351688322e-08,"(0.12588596055044773, 0.19561516526298486, 0.37196796586634867, 0.898625207984217)",0.37936273820481986,0.4877485579651391,-3.4263543315830445,forward,"[50.0, 0, 0, 0]",0.3623676002025604,0.13307133316993713,6.848384970226107e-08,0.3607824249909474
26,1.8095071615428495,-0.8624040655842354,0.19998997627638532,3.0522001044541587,-2.8224043602337647,6.18880356684226e-08,"(0.14550267241700468, 0.19391774573877651, 0.32426700860688035, 0.9143717992896798)",0.4169714461403383,0.5220164844747887,-3.1679482173264755,forward,"[50.0, 0, 0, 0]",0.3674553632736206,0.1379767805337906,9.459078137297183e-05,0.36102957085326864
27,1.8878856639308887,-0.9371314154621804,0.1999899781742795,2.351355071641179,-2.2418204963383466,5.693682547658341e-08,"(0.17341916050199008, 0.19692178713827332, 0.2796521520862069, 0.9235487417319167)",0.8743205968051972,0.9911459372781515,-2.9262016081595115,backward,"[-50.0, 0, 0, 0]",0.36577150225639343,0.13780874013900757,0.07789361476898193,0.3611989255462374
28,1.8878856639308887,-0.9371314154621807,0.19998997992033712,2.9571970156961553e-15,-8.514025496245752e-15,5.238172884336478e-08,"(0.17341916050199077, 0.19692178713827335, 0.279652152086207, 0.9235487417319166)",4.257011409903251e-14,1.4785980448964237e-14,-1.65691735614219e-30,stop,"[0, 0, 0, 0]",0.35826805233955383,0.13189788162708282,0.02249198779463768,0.36109786095290347
29,1.9018680373457608,-0.9453132117358929,0.19998998152670944,0.41947120244616193,-0.24545388821136474,4.819116956877867e-08,"(0.17443554050075677, 0.19786357164627794, 0.279579730814583, 0.9231778936603889)",0.043521329333536286,0.07437626871838482,3.0925874551656644e-15,forward,"[50.0, 0, 0, 0]",0.3512045443058014,0.12580426037311554,0.0011401429073885083,0.3607680837313334
30,1.92947758882515,-0.9614564194115802,0.19998998300457294,0.8282865443816798,-0.4842962302706185,4.4335905224901495e-08,"(0.17643146989657174, 0.19971344320080636, 0.2794356072138054, 0.9224436126160045)",0.08549886579264004,0.14617277466304673,1.1508923588400376e-14,forward,"[50.0, 0, 0, 0]",0.3464258015155792,0.12130599468946457,0.0023708080407232046,0.3603054294663091
31,1.970141317311073,-0.9852012551221526,0.19998998436420326,1.219911854577685,-0.7123450713171707,4.0788909569378085e-08,"(0.1793504949453532, 0.2024197113704743, 0.27922030758893374, 0.9213553496026883)",0.12512519223379892,0.21404375155642974,3.786681274074014e-15,forward,"[50.0, 0, 0, 0]",0.3426786959171295,0.11794957518577576,0.0026714291889220476,0.3597545940428972
32,1.99336130357794,-0.9988137258883161,0.19998998561506595,0.6965995880060156,-0.40837412298490383,3.752588073613339e-08,"(0.19064887557654076, 0.2128679524280486, 0.27834472647884423, 0.9169866162119861)",0.48594650678192963,0.8293935064928483,-2.991733462088148e-14,backward,"[-50.0, 0, 0, 0]",0.3390617072582245,0.115604929625988,0.022143665701150894,0.3591275368676041
33,2.029705968633006,-1.0198814900186113,0.19998998676585644,1.0903399516519854,-0.6320329239088557,3.452371500484164e-08,"(0.20225081250035612, 0.2235946087459504, 0.2773648575815951, 0.9122328625748102)",0.5010724834865286,0.8558952323886732,-2.1332787848501212e-14,forward,"[50.0, 0, 0, 0]",0.336956650018692,0.11348245292901993,0.002698920900002122,0.3584754519602832
34,2.0637394220172984,-1.039609523482487,0.19998998782459096,1.0210036015287738,-0.5918410039162667,3.1762035612725725e-08,"(0.18958807816771253, 0.2423939380066637, 0.34436402183391995, 0.8869695371886582)",0.19966040539894683,0.3444404690552685,4.489791666712346,rotate_left,"[0, 0, 0, 5.0]",0.3402784764766693,0.11584671586751938,0.0007033617002889514,0.3579555383750371
35,2.108443827553074,-1.0682038339759878,0.19998998879861976,1.341132166073264,-0.8578293148050258,2.9220863747778103e-08,"(0.17739874920297635, 0.2584566598696952, 0.4035236616395928, 0.8595920504792931)",0.19139231373738358,0.3284400899083792,4.077196770004662,forward,"[50.0, 0, 0, 0]",0.3427012264728546,0.11742297559976578,0.002205680822953582,0.3575318074888653
36,2.1502996990584733,-1.094976134635342,0.1999899896947257,1.2556761451619836,-0.803169019780622,2.6883178572134625e-08,"(0.20154445452394865, 0.24782445640176204, 0.3380554059840874, 0.8852578235433726)",0.21452287895463137,0.33538552292321216,-4.489791666700269,rotate_right,"[0, 0, 0, -5.0]",0.3342183828353882,0.11176812648773193,0.001086168922483921,0.35690171493066325
37,2.202409395309789,-1.1298577867706434,0.19998999051914407,1.563290887539477,-1.0464495640590445,2.4732551308186135e-08,"(0.22260420322023378, 0.23703552796067204, 0.27693292444471845, 0.9041955997192124)",0.1997217595073247,0.31188388406430945,-4.077448102591316,forward,"[50.0, 0, 0, 0]",0.3277120292186737,0.10750118643045425,0.0018424252048134804,0.3561335653066635
38,2.2404230728662693,-1.1764483328127937,0.19998999127761094,1.1404103266944075,-1.39771638126451,2.2754006512304414e-08,"(0.24409485663028557, 0.22743258350955714, 0.22011415350945335, 0.9166470860421831)",0.3513088861833215,0.4181853872449641,-3.725758136988731,left,"[0, -50.0, 0, 0]",0.3236900866031647,0.10496285557746887,0.0019427721854299307,0.355301681237343
39,2.2609122650843725,-1.213611680071643,0.19998999197540263,0.6146757665431004,-1.1149004177654818,2.0933750177754007e-08,"(0.2744264416109862, 0.22058636688596073, 0.16845850188953812, 0.9206810066629575)",0.9952539964999461,0.7259786981630083,-3.410522367419682,backward,"[-50.0, 0, 0, 0]",0.3206082880496979,0.10301750153303146,5.394013714976609e-05,0.3544343464076519
40,2.287025786156868,-1.2336660173788974,0.19998999261737044,0.7834056321748641,-0.6016301192176278,1.92590347003474e-08,"(0.30871730669874153, 0.2214679982375961, 0.11916892267773571, 0.9173027407400106)",1.2893918641059248,1.2523462892433828,-3.1298694574222043,right,"[0, 50.0, 0, 0]",0.3192955255508423,0.10216663032770157,0.0021790950559079647,0.3535773019965102
41,2.295818920682353,-1.2495818174265052,0.19998999320798153,0.263794035764559,-0.4774740014282356,1.7718332578908758e-08,"(0.35038066997615974, 0.2216124470502999, 0.07569308743914122, 0.906858239160546)",1.9089842627084308,1.2507195108171254,-2.870888433089624,backward,"[-50.0, 0, 0, 0]",0.3161088824272156,0.10018537193536758,1.1215643098694272e-05,0.35268519676866983
42,2.3038589905390925,-1.26413455067232,0.19998999375134377,0.24120209570218176,-0.4365819973744475,1.6300867433649557e-08,"(0.33832910321900117, 0.24964915580842328, 0.1434378868727717, 0.8958985933288667)",0.34844111117096194,0.19250656040283443,4.4897495515036105,rotate_left,"[0, 0, 0, 5.0]",0.3172692358493805,0.1008896455168724,0.0015056158881634474,0.35186156977054683
43,2.2975933037335627,-1.275082273154074,0.19998999425123548,-0.187970604165896,-0.3284316744526206,1.499675172933479e-08,"(0.333326399763012, 0.26494809577431744, 0.20920023401990429, 0.8803018117967321)",0.9018054408017337,-0.3222715714913255,4.057978851496629,backward,"[-50.0, 0, 0, 0]",0.3176579177379608,0.10119513422250748,2.3649869035580195e-05,0.35108421404253354
44,2.2793783095292643,-1.2820596888292346,0.1999899947111367,-0.5464498261289518,-0.20932247025481637,1.3797036624296766e-08,"(0.32589649452736114, 0.2652493276071619, 0.27299540236179254, 0.8653945801471425)",0.9167326466150391,-1.1170575374069194,3.68346204943032,backward,"[-50.0, 0, 0, 0]",0.3193209767341614,0.10227503627538681,6.814904196517091e-09,0.3503783643245697
45,2.2507254377997796,-1.2837026356454082,0.19998999513424534,-0.859586151884542,-0.04928840448520691,1.2693258666374163e-08,"(0.31186310887120133, 0.25325269945870316, 0.33384217540217287, 0.8527331783534718)",0.6842682858991513,-1.842342202012884,3.3578923590252856,backward,"[-50.0, 0, 0, 0]",0.3232608139514923,0.10481575131416321,6.736538580298657e-06,0.34978885235993756
46,2.2130885779370844,-1.2784390468197564,0.19998999552350769,-1.1291057958808535,0.15790766476955578,1.1677870226378673e-08,"(0.28933167601112025, 0.23158131118945252, 0.3909013076092258, 0.8425280085989827)",0.3395165574359234,-2.4745093567594,3.062860616895995,backward,"[-50.0, 0, 0, 0]",0.3284275531768799,0.10820513963699341,1.6458443496958353e-05,0.3493343566326385
47,2.167896589699392,-1.2646827768257534,0.199989995881628,-1.3557596471307771,0.4126880998200923,1.0743609557550826e-08,"(0.25736484287035255, 0.20302588050743328, 0.4432417483011408, 0.8343144383632878)",-0.07644416936451609,-2.9900907311781655,2.789154055249299,backward,"[-50.0, 0, 0, 0]",0.32950180768966675,0.10894858837127686,5.907671948079951e-05,0.3489211785296599
48,2.11656109002366,-1.240947183900717,0.19998999621109945,-1.5400649902719592,0.7120677877510962,9.884143725713557e-09,"(0.21593225008177125, 0.1703935317168145, 0.4899905222236848, 0.8271932034625618)",-0.5272304607596041,-3.3733809979043077,2.532502738787366,backward,"[-50.0, 0, 0, 0]",0.33066484332084656,0.10977381467819214,4.1501032683299854e-05,0.34854860026009227
49,2.076251825509064,-1.2319763299108757,0.19998999651421434,-1.2092779354378913,0.2691256196952394,9.093446579067077e-09,"(0.17641840137014106, 0.1391541356644686, 0.5306278657646633, 0.8172800880111524)",-0.4991773435792014,-3.1395360550608986,2.309224830708416,forward,"[50.0, 0, 0, 0]",0.33160364627838135,0.11036457866430283,0.011278954334557056,0.3482097011804581
50,2.031547233817541,-1.2093173580102938,0.1999899967930781,-1.3411377507456832,0.6797691570174558,8.365912740337933e-09,"(0.1289915914719118, 0.10624663293699092, 0.5660029969408498, 0.8072876995056175)",-0.8775198227163206,-3.417326431169798,2.1021077797314365,backward,"[-50.0, 0, 0, 0]",0.3286832571029663,0.10862070322036743,0.0005474976496770978,0.34782682972795825
51,1.9835686473054814,-1.1724575407583393,0.19998999704963727,-1.4393575953617888,1.1057945175586348,7.69677499512511e-09,"(0.07497657461180718, 0.07472915855800179, 0.5955718962687095, 0.7962965418081298)",-1.2734801232730195,-3.5226426783005573,1.9074636401190361,backward,"[-50.0, 0, 0, 0]",0.3266626000404358,0.10741093009710312,0.001133326324634254,0.3474198253108905
52,1.9334787707987824,-1.1212006726301555,0.19998999728567265,-1.502696295200969,1.5377060438455146,7.081061792479915e-09,"(0.01636919099414512, 0.04622363596809954, 0.6193740736086917, 0.7835631321121871)",-1.6188434813176988,-3.5091192590522673,1.7282147141665007,backward,"[-50.0, 0, 0, 0]",0.32455316185951233,0.10618237406015396,0.0010995283955708146,0.3469883788306758
53,1.8823833171205004,-1.055798996267814,0.19998999750283059,-1.5328636103484583,1.9620502908702453,6.514737749263588e-09,"(-0.044754237344621944, 0.02144019724215768, 0.6377604239996136, 0.7686345150731599)",-1.8885216075647542,-3.4161108903726074,1.5656573707454788,backward,"[-50.0, 0, 0, 0]",0.3234409987926483,0.10564139485359192,0.0006281005917117,0.346552316237379
54,1.8312519996332337,-0.9769619472955273,0.1999899977026051,-1.533939524617999,2.3651114691686015,5.9932348528413115e-09,"(-0.1064906640219762, 0.0004952305513697914, 0.6512485939185945, 0.75135528356558)",-2.0763777779401815,-3.272457575914572,1.4200297788394383,backward,"[-50.0, 0, 0, 0]",0.32167017459869385,0.1047201082110405,0.0001413932186551392,0.34609991366213017
55,1.783967697569766,-0.9040564361413049,0.19998999788640157,-1.4185290619040314,2.187165334626671,5.5138942300914096e-09,"(-0.11275544556729493, -0.0065555361879654165, 0.7051958374822999, 0.69995861680377)",-0.33402350864907054,-0.21663751106350143,4.489791666669725,rotate_left,"[0, 0, 0, 5.0]",0.3209104537963867,0.10448474436998367,1.1967350701524992e-06,0.34565010187881334
56,1.7401184025568353,-0.8364472058648573,0.1999899980554909,-1.3154788503879238,2.0282769082934284,5.072679720719009e-09,"(-0.11838418680906089, -0.01356932391312851, 0.7551651536642042, 0.6446135652105195)",-0.33402350863693586,-0.21663751105561932,4.489791666670131,rotate_left,"[0, 0, 0, 5.0]",0.31927382946014404,0.10375118255615234,5.131522993906401e-05,0.3451873602574332
57,1.699359216090862,-0.7736024731765438,0.19998999821105465,-1.2227755939791967,1.8853419806494043,4.666913022699504e-09,"(-0.12334513667522859, -0.020506568666469053, 0.8008746713860483, 0.5856323237598704)",-0.33402350862968355,-0.21663751105092052,4.4897916666703095,rotate_left,"[0, 0, 0, 5.0]",0.31553635001182556,0.1016833558678627,4.1324590711155906e-05,0.34467613594285373
58,1.661398397406522,-0.7150724162815547,0.1999899983541822,-1.1388245605301988,1.7559017068496756,4.293826905144016e-09,"(-0.12761031102690268, -0.02732813826029995, 0.8420665485953212, 0.5233475987482953)",-0.3340235086259039,-0.21663751104851145,4.489791666670433,rotate_left,"[0, 0, 0, 5.0]",0.3146590292453766,0.10135460644960403,9.860364116320852e-06,0.3441673714225575
59,1.6259868906381378,-0.6604730272871897,0.1999899984858475,-1.0623452030515248,1.6379816698309517,3.949958637949891e-09,"(-0.13115565051359157, -0.03399555301700644, 0.8785084267221744, 0.45811073103732713)",-0.3340235086238633,-0.21663751104713083,4.489791666670506,rotate_left,"[0, 0, 0, 5.0]",0.3133867383003235,0.10076003521680832,2.688498625502689e-06,0.34365436087052026
60,1.577987077451081,-0.598802916175758,0.19998999860698694,-1.4399943956117072,1.8501033333429535,3.634182565992461e-09,"(-0.140333436882378, -0.03687191956058416, 0.9067824901553937, 0.39584403947549945)",-0.6488368687650113,-0.46770848332105813,4.066415458001343,left,"[0, -50.0, 0, 0]",0.29962339997291565,0.09268727153539658,0.001078082830645144,0.342932541839412
61,1.5333316270682718,-0.5414296389901406,0.19998999871842357,-1.3396635114842745,1.7211983155685209,3.343099352903778e-09,"(-0.1429440781873218, -0.04412725324388824, 0.9334395547769775, 0.3260527159986325)",-0.31417646886824196,-0.24453355996383752,4.489791666669432,rotate_left,"[0, 0, 0, 5.0]",0.29508188366889954,0.09000194072723389,0.00045223571942187846,0.3421607570302102
62,1.4917125481993196,-0.4879574888340282,0.19998999882095073,-1.2485723660685635,1.6041645046833741,3.075814714037506e-09,"(-0.14474838863708273, -0.05113367024388044, 0.9548311958568151, 0.25442216722015915)",-0.3141764688667607,-0.24453355996270904,4.48979166666945,rotate_left,"[0, 0, 0, 5.0]",0.29046761989593506,0.08737003803253174,0.0008831549203023314,0.34134023104395184
63,1.4528659849222505,-0.43804746388751353,0.19998999891526553,-1.1653968983120728,1.4973007483954388,2.829444123442215e-09,"(-0.14573619032709323, -0.05785164818031374, 0.9708367456452253, 0.18135645270228012)",-0.3141764688659562,-0.24453355996202902,4.489791666669508,rotate_left,"[0, 0, 0, 5.0]",0.28554579615592957,0.0846894159913063,0.0006927084177732468,0.3404684429988265
64,1.409609206343273,-0.3741826957571664,0.1999899990020611,-1.297703357369321,1.9159430439104137,2.603867343964339e-09,"(-0.1500506807961138, -0.05944968584730298, 0.9803607563944333, 0.11332835199990515)",-0.5822297818694708,-0.4218948303687342,4.068497150307658,left,"[0, -50.0, 0, 0]",0.28004753589630127,0.08179561048746109,0.00032833515433594584,0.3395388905818646
65,1.3647612682709735,-0.2967459173433466,0.19998999908190102,-1.3454381421689836,2.323103352414594,2.3951977623504206e-09,"(-0.15670036003679094, -0.056102998035307335, 0.9847897374180562, 0.049866059117061864)",-0.8297926699684004,-0.5552628153995717,3.711760848709922,left,"[0, -50.0, 0, 0]",0.2738806903362274,0.07865441590547562,9.198410407407209e-05,0.3385440693660216
66,1.3209151308622813,-0.20657940803830424,0.19998999915535048,-1.3153841222607692,2.704995279151271,2.2034836733020313e-09,"(-0.1648294975809582, -0.0479607217220742, 0.9851100583506042, -0.009443454642033116)",-1.0647833196897385,-0.6530002085345045,3.403555225555717,left,"[0, -50.0, 0, 0]",0.26746076345443726,0.07539140433073044,1.2178858924016822e-05,0.33748312450166956
67,1.2803749972701435,-0.10485362012159856,0.19998999922292973,-1.2162040077641372,3.0517736375011704,2.027377210556125e-09,"(-0.17367239582475769, -0.03514801850211189, 0.9820299665881519, -0.06495891352799195)",-1.2931952504042132,-0.7205489457201522,3.1326548349552494,left,"[0, -50.0, 0, 0]",0.2599085867404938,0.07148712128400803,0.0001995772181544453,0.33634232247576995
68,1.2451281209915388,0.0070420664519391385,0.199989999285114,-1.0574062883581417,3.356870597206131,1.8655276767809426e-09,"(-0.18251406204980591, -0.017771900756135155, 0.9760562439711149, -0.11699138986520832)",-1.5197609773032081,-0.7610656419505529,2.8909236726310774,left,"[0, -50.0, 0, 0]",0.2518467605113983,0.06734741479158401,0.00018493668176233768,0.33511774911396747
69,1.2451281209915388,0.007042066451938851,0.19998999934230483,3.2265856985103567e-15,-8.619994451774478e-15,1.715725228557119e-09,"(-0.18251406204980578, -0.017771900756135887, 0.9760562439711149, -0.11699138986520818)",4.30999718151989e-14,1.6132928326699458e-14,-2.5915051341919954e-29,stop,"[0, 0, 0, 0]",0.2439543604850769,0.06342511624097824,0.0015163036296144128,0.3338154149906976
70,1.249026808249681,0.024120118083277495,0.19998999939492124,0.11696061774426232,0.5123415489401594,1.5784921147954378e-09,"(-0.18060215523831247, -0.012438683065844176, 0.9763739279154298, -0.11799192164660674)",-0.3370491068039506,0.07694373377193808,1.0550439470337632e-14,left,"[0, -50.0, 0, 0]",0.235846146941185,0.05950815975666046,0.0004442998906597495,0.3324355661449298
71,1.2567931572151048,0.057820802381273184,0.19998999944332982,0.23299046896271222,1.0110205289398706,1.4522572588937521e-09,"(-0.17675194686896864, -0.0017856069872428113, 0.9769138579014158, -0.11997864445762313)",-0.6732869737179457,0.1545074006398826,4.476977994057647e-14,left,"[0, -50.0, 0, 0]",0.22735898196697235,0.055596280843019485,0.0008901699329726398,0.3309761691424582
72,1.264051245176828,0.0893159788269976,0.19998999948786506,0.2177426388516964,0.9448552933717325,1.3360570427778384e-09,"(-0.1738905792849344, -0.008862338187848137, 0.9654636482305435, -0.19381297516720444)",-0.3879565458785701,0.08940488840139513,4.4897916666687845,rotate_left,"[0, 0, 0, 5.0]",0.2186373919248581,0.05173122510313988,2.3465587219106965e-05,0.32943728178331294
73,1.2776804387131042,0.13600738492168687,0.1999899995288326,0.40887580608828866,1.4007421828406785,1.2290263806669088e-09,"(-0.1678250091344971, -0.010277932771846772, 0.9506607863567688, -0.260716703896151)",-0.6792332786635313,0.17794720662467056,4.068932018658204,left,"[0, -50.0, 0, 0]",0.20945660769939423,0.047802697867155075,0.00023177819093689322,0.3278159213227195
74,1.2904459044664136,0.17973979974793114,0.19998999956653038,0.38296397259928217,1.3119724447873282,1.1309336245268753e-09,"(-0.16315831028182406, -0.017230111689531515, 0.9288655990403665, -0.332101171266419)",-0.38217608246047685,0.11155697008192525,4.489791666668168,rotate_left,"[0, 0, 0, 5.0]",0.1996440589427948,0.04376162216067314,2.0587085600709543e-05,0.3261069631576538
75,1.3024027183446742,0.22070190443171472,0.19998999960120942,0.35870441634781947,1.2288631405135078,1.040371233607118e-09,"(-0.1575712544509044, -0.024085097558904135, 0.9018307893324751, -0.40161229470511917)",-0.38217608246253515,0.11155697008254196,4.489791666668081,rotate_left,"[0, 0, 0, 5.0]",0.18962419033050537,0.039798736572265625,2.5383887987118214e-06,0.32431113719940186
76,1.3136000311438092,0.25906208162650685,0.19998999963311284,0.33591938397404714,1.1508053158437637,9.571026193810894e-10,"(-0.15109535757133757, -0.030804222205046174, 0.8697088574381205, -0.4688579700809304)",-0.38217608246512946,0.1115569700833096,4.489791666668038,rotate_left,"[0, 0, 0, 5.0]",0.17965051531791687,0.03602081537246704,2.904137375026039e-07,0.32243242782431764
77,1.3240818809698134,0.2949711987394787,0.19998999966246536,0.3144554947801241,1.0772735133891558,8.805756124274922e-10,"(0.1437671494213039, 0.03734958383034284, -0.8326809994246199, 0.5334588723905425)",-0.3821760824678027,0.11155697008407993,4.4897916666679665,rotate_left,"[0, 0, 0, 5.0]",0.16949757933616638,0.03231538459658623,2.3986140718079696e-07,0.3204717246385721
78,1.3269135457955923,0.3448039975910631,0.19998999968946965,0.08494994477337021,1.4949839655475323,8.101284643124984e-10,"(0.13135328253525272, 0.03589236527215034, -0.7954212719030425, 0.5905616424104523)",-0.8799179833498089,0.1242956854824522,4.063999858147082,forward,"[50.0, 0, 0, 0]",0.15916357934474945,0.028746934607625008,1.4321558410301805e-06,0.3184298493816883
79,1.3247347231534856,0.4087395709743955,0.19998999971431375,-0.06536467926319871,1.918067201499972,7.453226924525325e-10,"(0.11478268215572039, 0.027350344266802835, -0.7582861966155142, 0.6411543796684257)",-1.3145265427360129,0.08660053525196099,3.7013940851137352,forward,"[50.0, 0, 0, 0]",0.14909738302230835,0.025348370894789696,1.7187318235301063e-08,0.316313193552196
80,1.3199587312195407,0.4863449521664806,0.19998999973716527,-0.1432797580183483,2.328161435762553,6.855457312937574e-10,"(0.09437095813480866, 0.012766090089670692, -0.7214831291969187, 0.6858522023648848)",-1.6973303840009797,0.040845980016596256,3.3847127119176266,forward,"[50.0, 0, 0, 0]",0.14045041799545288,0.022505050525069237,1.391047810272994e-08,0.3141420481749523
81,1.3147700461964578,0.5767059793555,0.19998999975819245,-0.15566055069248627,2.710830815670583,6.308155109380209e-10,"(0.07018351365180031, -0.006838751141995161, -0.6851019957024953, 0.7250260418624723)",-2.039261197172846,0.00428615902584846,3.10241914468309,forward,"[50.0, 0, 0, 0]",0.1343688666820526,0.02040753699839115,8.38187403928714e-08,0.31194969230308767
82,1.3110888186449503,0.6785666145727149,0.19998999977753631,-0.11043682654522684,3.055819056516448,5.803156843953161e-10,"(0.04219457515186456, -0.030491157966860836, -0.6491431686842147, 0.7588827667460968)",-2.348627724645034,-0.015940792901295242,2.8466932990552167,forward,"[50.0, 0, 0, 0]",0.12904782593250275,0.018609151244163513,2.1257760636217427e-06,0.30974605535886374
83,1.2896481494434093,0.7752861514732006,0.19998999979533194,-0.6432200760462288,2.901586107014568,5.338688380263079e-10,"(0.01231434985519214, -0.05787143042510177, -0.6135091243540375, 0.7874679731027406)",-2.566113338365335,-0.12090556671653209,2.613518998077366,right,"[0, 50.0, 0, 0]",0.12424826622009277,0.01701861247420311,7.544122127001174e-08,0.30753774834530695
84,1.2521296202805938,0.8692762195080244,0.19998999981169835,-1.1255558748844634,2.819702041044714,4.909918582818307e-10,"(-0.017986779392802788, -0.08833665150046856, -0.5782479739315917, 0.8108652122349119)",-2.6944692222260382,-0.26899626324818154,2.401018656732136,right,"[0, 50.0, 0, 0]",0.13165706396102905,0.018611395731568336,7.918284245533869e-05,0.30546856382313897
85,1.200291426262241,0.9623590109788256,0.19998999982675567,-1.5551458205505828,2.792483744124038,4.5171916207564777e-10,"(-0.04771898274245093, -0.12096348196724822, -0.5434996027760756, 0.8292761400755679)",-2.7444153410711243,-0.4209655034106443,2.208250551863182,right,"[0, 50.0, 0, 0]",0.13730931282043457,0.020050711929798126,1.172696465800982e-05,0.30351322369520056
86,1.136037548125333,1.0558809649985224,0.19998999984061736,-1.927616344107238,2.8056586205909007,4.158505484408437e-10,"(-0.07631212544160168, -0.15475924524319443, -0.5094282329929818, 0.8430355336235776)",-2.734172604291984,-0.5520299506625088,2.034328698997995,right,"[0, 50.0, 0, 0]",0.14046190679073334,0.02093597501516342,3.0088802304817364e-05,0.3016390706273331
87,1.0614076443354983,1.1508167222706909,0.19998999985336904,-2.2388971136950477,2.848072718165058,3.8255035250678304e-10,"(-0.10347753276283951, -0.18880049291058165, -0.4761811358432905, 0.8525833096871124)",-2.68096196336988,-0.6509992173672143,1.878131549423968,right,"[0, 50.0, 0, 0]",0.1350083202123642,0.019267305731773376,0.00028092830325476825,0.29974553937261755
88,0.9785151514092881,1.247855440976269,0.19998999986509836,-2.4867747877863056,2.9111615611673445,3.518790259171567e-10,"(-0.1290888749145204, -0.22230035389280692, -0.4438731687358495, 0.8584260160950576)",-2.5982154807164313,-0.7155124178394271,1.738335704747292,right,"[0, 50.0, 0, 0]",0.12804007530212402,0.01723187416791916,9.537965524941683e-05,0.297816264495421
89,0.8894669967526253,1.3474689347763105,0.19998999987589777,-2.671444639699886,2.9884048140012434,3.2398252136633943e-10,"(-0.15310407229930342, -0.25463280128188626, -0.412585787976391, 0.8611006022043008)",-2.4956877132603017,-0.7480390785007351,1.6135165092812547,right,"[0, 50.0, 0, 0]",0.1222202330827713,0.015647293999791145,4.8444671847391874e-05,0.2958651974797249
90,0.7962882862725216,1.4499647742722386,0.199989999885828,-2.795361314403113,3.0748751848778415,2.979066021646659e-10,"(-0.175520743496446, -0.2853334691738115, -0.3823720494971864, 0.8611439460014879)",-2.3803219688928174,-0.7533369038067813,1.5022301360234231,right,"[0, 50.0, 0, 0]",0.11658940464258194,0.01415474433451891,0.00019483178039081395,0.29389513382217386
91,0.7008639003944086,1.5555274990905525,0.19998999989495686,-2.86273157634339,3.1668817445494204,2.738658952394779e-10,"(-0.1963535065684187, -0.3140877912620514, -0.3532631071271581, 0.8590688779028595)",-2.2570845119157714,-0.7369759240956502,1.40306823358538,right,"[0, 50.0, 0, 0]",0.11212403327226639,0.013076595962047577,7.872538117226213e-05,0.2919193609901097
92,0.6049005739911943,1.6642503213418003,0.1999899999033664,-2.8788997920964268,3.2616846675374327,2.5228669847665586e-10,"(-0.21562411029404546, -0.34071253901348264, -0.3252741942752206, 0.8553466591724629)",-2.1295962295553843,-0.7045173313828701,1.3146923653069646,right,"[0, 50.0, 0, 0]",0.138069286942482,0.01963236927986145,0.00034283881541341543,0.29026505911862976
93,0.5099111717841871,1.776155714164333,0.20003660579932686,-2.8496820662102182,3.3571617846759767,0.00139817687881318,"(-0.23337000962321197, -0.36515744526848193, -0.2984068080732158, 0.8503833580621227)",-2.0018208599519722,-0.6622464252082052,1.2358110729002096,right,"[0, 50.0, 0, 0]",0.19279581308364868,0.03816964104771614,0.0017701821634545922,0.2892281522459172
94,0.4172340833682946,1.8911864069660638,0.20057603071108537,-2.780312652476775,3.4509207840519234,0.016182747352755204,"(-0.24974334901435047, -0.38764529338378834, -0.27262757613422217, 0.8444131636063427)",-1.8869166832522155,-0.6242335930995762,1.164875727620888,right,"[0, 50.0, 0, 0]",0.17389298975467682,0.030890436843037605,0.0007273213705047965,0.28801409790390414
95,0.3280060890656483,2.009259363336638,0.2019025256297781,-2.676839829079388,3.5421886911172176,0.03979484756078141,"(-0.26487726807850576, -0.408370406519824, -0.24789787300873334, 0.8376277744271897)",-1.783019742547479,-0.5898621970629541,1.1007356278087348,right,"[0, 50.0, 0, 0]",0.15600349009037018,0.024807438254356384,0.0030002123676240444,0.28663898740584653
96,0.24318381836624423,2.130270866170528,0.2041866285043663,-2.5446681209821227,3.6303450850167134,0.06852308623764627,"(-0.2788887774373154, -0.4275030602826335, -0.22417619594382956, 0.8301850495164654)",-1.6886130329738778,-0.558630378481402,1.0424542603891098,right,"[0, 50.0, 0, 0]",0.145616352558136,0.0216391459107399,0.002566190902143717,0.28518514580947835
97,0.16356636326272422,2.254099491237506,0.20749962371632344,-2.3885236531056,3.7148587520093335,0.09938985635871392,"(-0.29188112611873823, -0.4451930927046031, -0.2014197851229297, 0.8222156581972887)",-1.6024487508982326,-0.5301253364335353,0.989261301914227,right,"[0, 50.0, 0, 0]",0.14063778519630432,0.0202886164188385,0.0006013755919411778,0.283710172741997
98,0.08981681848065376,2.380607811428005,0.21183421623580678,-2.212486343462114,3.7952496057149747,0.13003777558450058,"(-0.3039457621852483, -0.4615728778239966, -0.17958572488008065, 0.8138282494029059)",-1.5234906786635705,-0.5040042672985126,0.9405170501609552,right,"[0, 50.0, 0, 0]",0.14334452152252197,0.02096710540354252,0.0005614851252175868,0.28229233788119423
99,0.022481579796636758,2.509643391359349,0.217121707368477,-2.02005716052051,3.8710673979403203,0.1586247339801065,"(-0.3151639659265174, -0.47675979086957765, -0.15863168512136058, 0.8051135105480612)",-1.450870843887879,-0.47998002669759987,0.8956856680311195,right,"[0, 50.0, 0, 0]",0.15156759321689606,0.023446237668395042,0.003174471901729703,0.2809850904345512
100,-0.03799306676485967,2.641039440938937,0.22324610117333138,-1.8142393968448929,3.941881487387647,0.18373181414563108,"(-0.32560821784788907, -0.4908582643751486, -0.13851641162441167, 0.7961473836390061)",-1.3838564718350825,-0.4578101966107049,0.8543147818129154,right,"[0, 50.0, 0, 0]",0.15789754688739777,0.025415973737835884,0.003440813859924674,0.27851279959082603
101,-0.09308221367404988,2.7607341674094155,0.21793620528777105,-1.6526744072757065,3.5908417941143544,-0.1592968765668095,"(-0.361472739985395, -0.4650806440639224, -0.1977821071989216, 0.7835302743586188)",5.921189464667501e-17,2.960594732333751e-17,-4.5,rotate_right,"[0, 0, 0, -5.0]",0.146367147564888,0.021992793306708336,0.0055755493231117725,0.2759292694926262
102,-0.1345622894314451,2.882507887287644,0.19132743837623906,-1.2444022727218564,3.653211596346864,-0.7982630073459599,"(-0.3922933812266543, -0.4393955510485066, -0.250660051246532, 0.7682493029437931)",4.4408920985006264e-17,7.401486830834378e-17,-4.0875,forward,"[50.0, 0, 0, 0]",0.13425160944461823,0.01843600533902645,0.0014178493293002248,0.2732381881773472
103,-0.1727463207315661,3.002766699329425,0.1920204433061426,-1.1455209390036296,3.6077643612534205,0.020790147897106537,"(-0.42703978908059853, -0.42015900853817356, -0.2939830537114397, 0.7447666683040493)",-0.7233761083732241,-0.2296830934458746,-3.7214534308265534,right,"[0, 50.0, 0, 0]",0.1286109834909439,0.016902795061469078,0.013286878354847431,0.2705098295211792
104,-0.20934883265731632,3.1219976082922516,0.19812353408928934,-1.098075357772507,3.5769272688848006,0.18309272349440223,"(-0.4574999053224163, -0.40097231481229295, -0.3328055148214384, 0.7205244816718505)",-0.6655294355415522,-0.2113158808606965,-3.423857620597974,right,"[0, 50.0, 0, 0]",0.12394402176141739,0.015695055946707726,0.006920712534338236,0.2677576009184122
105,-0.2093488326573156,3.121997608292251,0.1982728513621462,2.1947437040846127e-14,-1.488599362781109e-14,0.004479518185705411,"(-0.4574999053224162, -0.4009723148122914, -0.33280551482143816, 0.7205244816718517)",7.248185782835818e-14,1.0686653227043883e-13,-3.690494808952103e-29,stop,"[0, 0, 0, 0]",0.1221025362610817,0.015311509370803833,4.447435003385181e-06,0.26501705750823024
106,-0.20934883265731452,3.1219976082922503,0.19841022325317448,3.226985027425052e-14,-2.2362315854465518e-14,0.0041211567308480634,"(-0.42624284309255195, -0.4340529913827527, -0.27800762312485156, 0.7433887279670931)",6.92582165367844e-13,-2.3013211460315276e-13,4.489800521928657,rotate_left,"[0, 0, 0, 5.0]",0.13277441263198853,0.017997020855545998,9.500165469944477e-05,0.26242332622408865
107,-0.20934883265731322,3.1219976082922494,0.19853660539292048,3.888705860906686e-14,-2.6410145703130718e-14,0.003791464192380356,"(-0.3926001401901579, -0.4647043044115233, -0.22165375460361744, 0.7620922860482121)",7.253869623287069e-13,-2.1682037879386864e-13,4.489799814276898,rotate_left,"[0, 0, 0, 5.0]",0.15228784084320068,0.023461850360035896,0.001544241327792406,0.2600657378137112
108,-0.20934883265731183,3.1219976082922485,0.1986528769614868,4.17538748630774e-14,-2.874018888919593e-14,0.0034881470569899653,"(-0.35676009261697844, -0.49275470259739457, -0.16405931705727136, 0.7765304758158432)",7.520900943520576e-13,-2.02342040056651e-13,4.48979916311913,rotate_left,"[0, 0, 0, 5.0]",0.169712632894516,0.029119156301021576,0.003805709769949317,0.257961461097002
109,-0.20934883265731197,3.121997608292248,0.19875984680456782,-4.181954471829057e-15,-6.732204155516567e-15,0.0032090952924302973,"(-0.31892329451434304, -0.5180471917036555, -0.10554666141070804, 0.7866224899207541)",-6.242078796253086e-13,1.9080112137080655e-13,4.489798563953983,rotate_left,"[0, 0, 0, 5.0]",0.16183465719223022,0.026478292420506477,0.002683434169739485,0.25592983677983283
110,-0.20934883265731286,3.121997608292248,0.19885825906020232,-2.6292196025736962e-14,4.164618605723871e-15,0.0029523676690355605,"(-0.27930151547152676, -0.5404402132255153, -0.04644327757196676, 0.7923118460255667)",-6.812431432690246e-13,7.009614713086044e-14,4.489798012637405,rotate_left,"[0, 0, 0, 5.0]",0.16392405331134796,0.027273626998066902,0.0012073647230863571,0.2539638674259186
111,-0.20934883265731255,3.1219976082922476,0.1989487983353861,9.193396190965205e-15,-1.4180018298473582e-14,0.0027161782555128466,"(-0.23811651528621938, -0.5598084366672945, 0.012920038473646313, 0.7935667029241504)",6.814564395120738e-13,-3.845673185366334e-13,4.489797505354514,rotate_left,"[0, 0, 0, 5.0]",0.17041775584220886,0.029686318710446358,0.0003627067490015179,0.25211295068264006
112,-0.21625429883664407,3.1174403222984006,0.20471641007559574,-0.20716398537994551,-0.13671857981541138,0.17302835220628962,"(-0.1995381732142211, -0.574690767322972, 0.0667979059474404, 0.7908559155403101)",6.190915114754633e-13,-3.4941765757700096e-13,4.078996186280478,backward,"[-50.0, 0, 0, 0]",0.17398637533187866,0.031237922608852386,3.432354134247362e-08,0.25037762343883513
113,-0.22913090881180753,3.1106914086350095,0.2167968220325301,-0.3862982992549038,-0.20246740990173737,0.3624123587080307,"(-0.16341289103898834, -0.5859873613468282, 0.11585062745234666, 0.7851711096970897)",5.667185906604792e-13,-3.198450169444022e-13,3.733709418380959,backward,"[-50.0, 0, 0, 0]",0.17458507418632507,0.03196943551301956,0.0005770578281953931,0.24877820014953614
114,-0.24697481986844938,3.1039411567952944,0.23541475175312532,-0.5353173316992552,-0.2025075551914591,0.5585378916178568,"(-0.12957472173193196, -0.5943865342553066, 0.1606409226779163, 0.7772448348784605)",5.220284131759013e-13,-2.946318520551649e-13,3.4391378277261646,backward,"[-50.0, 0, 0, 0]",0.17180360853672028,0.03178918734192848,0.0014302304480224848,0.2471690805256367
115,-0.2717603437245134,3.080452458373426,0.24239169672695224,-0.7435657156819214,-0.7046609526560438,0.2093083492148078,"(-0.09785809334955622, -0.6004238121376737, 0.2016500655354188, 0.7676277030264178)",4.834074548926075e-13,-2.7284083399110293e-13,3.184691047295778,left,"[0, -50.0, 0, 0]",0.16341792047023773,0.029988156631588936,0.001680035493336618,0.24549162656068801
116,-0.29570085284298153,3.0577645619216387,0.23824188729972612,-0.7182152735540445,-0.6806368935536157,-0.12449428281678326,"(-0.05259341596689815, -0.6060683898809439, 0.2586013096057306, 0.7503601815490039)",1.4802973661668754e-17,3.3306690738754695e-17,4.5,rotate_left,"[0, 0, 0, 5.0]",0.1538206934928894,0.027513733133673668,0.0015302837127819657,0.24375049471855165
117,-0.318844424054837,3.0358319060795753,0.22334132892129624,-0.6943071363556637,-0.6579796752618982,-0.4470167513528965,"(-0.007033039267473475, -0.6083054306634201, 0.31409860304059617, 0.7288738621682075)",-1.4802973661668754e-17,-5.551115123125783e-17,4.5,rotate_left,"[0, 0, 0, 5.0]",0.14180640876293182,0.023351678624749184,0.001770955859683454,0.24192777052521705
118,-0.341194999280596,3.0146507551754484,0.19806243738785823,-0.6705172567727709,-0.6354345271238082,-0.7583667460031405,"(0.038566879737160935, -0.6071223570280428, 0.3678299198677644, 0.7032895487877856)",-4.4408920985006264e-17,-7.401486830834377e-18,4.5,rotate_left,"[0, 0, 0, 5.0]",0.13544146716594696,0.019112734124064445,0.001462796819396317,0.24003700137138367
119,-0.3601585774706472,2.996679387223242,0.19821664239683048,-0.5689073457015366,-0.5391410385662034,0.004626150269167351,"(0.08827555108752586, -0.6188834218201348, 0.41063509897125366, 0.6637541357831704)",0.8902373104927155,-0.9393878579596275,4.466815202574278,rotate_left,"[0, 0, 0, 5.0]",0.14778083562850952,0.01990360952913761,0.00019219798559788615,0.23822666049003602
120,-0.37776857001700553,2.9799907827565875,0.19835851100508498,-0.52829977639075,-0.5006581339996261,0.004256058247635142,"(0.13534415075900508, -0.6156011424292238, 0.45670331836836386, 0.6278051236542141)",0.2736605380103444,-0.2887695040183424,4.489798934047924,rotate_left,"[0, 0, 0, 5.0]",0.163738414645195,0.025766417384147644,0.00012984516797587276,0.23650723353028297
121,-0.3940816040962751,2.9645312774397445,0.19848903012467653,-0.48939102237808596,-0.46378515950528676,0.003915573587746302,"(0.18164932080690366, -0.6088465850857947, 0.5001952459592228, 0.58831460631158)",0.2736728078116106,-0.28878245124294544,4.4897984766745225,rotate_left,"[0, 0, 0, 5.0]",0.17280276119709015,0.031157368794083595,0.0007581897079944611,0.23476127564907073
122,-0.4091495699851422,2.950251695993336,0.1986091077147019,-0.45203897666601334,-0.4283874433922489,0.003602327700760688,"(0.22692984291168639, -0.5986578392007899, 0.5408655653262298, 0.5455053420488719)",0.2736844902394802,-0.28879477866475733,4.489798041196243,rotate_left,"[0, 0, 0, 5.0]",0.1725921630859375,0.03300940617918968,0.0013185710413381457,0.23305876970291137
123,-0.4230201019386911,2.9371068964764966,0.1987195790975243,-0.4161159586064674,-0.39434398550518535,0.0033141414846727946,"(-0.27093028004171027, 0.5850923646979651, -0.5784848755133776, -0.49961881162635985)",0.27369558064746324,-0.28880648138097764,4.489797627786299,rotate_left,"[0, 0, 0, 5.0]",0.16553723812103271,0.03179413080215454,0.00048695228178985417,0.23130804896354676
124,-0.43573699750106887,2.9250553729153332,0.19882121276972364,-0.38150686687133245,-0.3615457068349052,0.0030490101659804703,"(0.3134024174539074, -0.5682266682508196, 0.6128409848934595, 0.45091385591644256)",0.27370608220925835,-0.28881756274022824,4.489797236326397,rotate_left,"[0, 0, 0, 5.0]",0.15487559139728546,0.028847040608525276,5.746268288930878e-05,0.2293684734404087
125,-0.44734058441521524,2.9140589075906083,0.19891471574814648,-0.34810760742439034,-0.32989395974174507,0.0028050893526853637,"(0.35410666289887816, -0.548155872042511, 0.6437401080100051, 0.39966521561827417)",0.27371600411138375,-0.2888280324366908,4.489796866474173,rotate_left,"[0, 0, 0, 5.0]",0.14343580603599548,0.02532259188592434,7.453851139871404e-05,0.22717915549874307
126,-0.4578680427335097,2.904082265780524,0.19900073848829433,-0.31582374954883286,-0.29929925430251914,0.0025806822044355804,"(0.3928133981430724, -0.5249931774811778, 0.6710079586343745, 0.3461619812845402)",0.27372536009885307,-0.288837904974053,4.4897965177170835,rotate_left,"[0, 0, 0, 5.0]",0.13044914603233337,0.02116520144045353,0.0005358188645914197,0.22480909332633017
127,-0.4673536884647364,2.8950929269547063,0.1990798794092315,-0.2845693719368026,-0.26968016477453827,0.0023742276281151775,"(0.42930427419363903, -0.49886922689643365, 0.6944907328649583, 0.2907059624079295)",0.2737341673002442,-0.28884719842623763,4.489796189416709,rotate_left,"[0, 0, 0, 5.0]",0.12076158076524734,0.01770935021340847,0.0009437488042749465,0.2223589941114187
128,-0.47582922406193445,2.887060847392355,0.19915268905649255,-0.2542660679159407,-0.2409623868705427,0.0021842894178316086,"(0.46337344292763766, -0.4699313668189984, 0.7140559767165734, 0.233609984770248)",0.27374244528244374,-0.2888559334410561,4.489795880843823,rotate_left,"[0, 0, 0, 5.0]",0.11510780453681946,0.015263649635016918,0.0010425602085888386,0.21992739163339137
129,-0.4833239602121637,2.8799582499969327,0.19921967393197254,-0.22484208450687693,-0.21307792186266747,0.002009546264399642,"(0.49482871818482854, -0.43834281700106353, 0.7295933333005113, 0.17519612566087372)",0.27375021529375204,-0.2888641324395246,4.489795591206177,rotate_left,"[0, 0, 0, 5.0]",0.11473075300455093,0.01426096260547638,0.0006239357171580195,0.21756265372037886
130,-0.4898650126954772,2.8737594377372266,0.19928130001741462,-0.19623157449940562,-0.18596436779118206,0.001848782563262319,"(0.5234926597800433, -0.40428174986695165, 0.7410151653757052, 0.11579389692098477)",0.2737574996554187,-0.2888718189751717,4.48979531967174,rotate_left,"[0, 0, 0, 5.0]",0.11270447820425034,0.013270714320242405,0.00029978007660247386,0.21522544048726558
131,-0.4997138636531122,2.857819439201548,0.19933799601602206,-0.29546552872904897,-0.4781999560703568,0.0017008799582235445,"(0.5421192162713409, -0.3827413662181788, 0.7463452401180829, 0.050838808875406954)",1.083538697773994,-0.7658621473483044,4.056811114584405,right,"[0, 50.0, 0, 0]",0.11073987931013107,0.012646435759961605,0.011344281025230885,0.2129060523211956
132,-0.5087341044373553,2.8432205153767476,0.19939015633474097,-0.2706072235272944,-0.4379677147440166,0.0015648095615672375,"(0.5668904953853557, -0.3455182340944721, 0.7477715173399828, -0.009490732587286586)",0.33859498512790415,-0.20920776975367786,4.489794535024219,rotate_left,"[0, 0, 0, 5.0]",0.10880520939826965,0.012179694138467312,0.00013910724373999983,0.21060348734259604
133,-0.5100081500661773,2.842932162912227,0.19943814382796182,-0.038221368864658156,-0.008650573935620577,0.0014396247966253703,"(0.5866303590800445, -0.3093105959050794, 0.7457458777875745, -0.06367780484048266)",0.2495317616812861,-0.18956874749404756,4.076254839553593,left,"[0, -50.0, 0, 0]",0.10546544194221497,0.011552414856851101,0.02012617327272892,0.20828857526183128
134,-0.5108834611321572,2.8427340553269196,0.19948229232172485,-0.026259331979396797,-0.0059432275592251685,0.0013244548128906741,"(0.6064494134356325, -0.26481750967080125, 0.7400259768549933, -0.1202179233523242)",0.029716137796300186,-0.1312966598970941,4.489794486520851,rotate_left,"[0, 0, 0, 5.0]",0.10066207498311996,0.01066346000880003,0.0013705856399610639,0.20589241124689578
135,-0.5114790221154851,2.842599263076603,0.19952290893598684,-0.017866829499836465,-0.004043767509489972,0.0012184984278601485,"(0.6234080899187215, -0.21880824408962748, 0.7297796358898232, -0.17580383608676578)",0.020218837547532162,-0.0893341474991125,4.489794269388656,rotate_left,"[0, 0, 0, 5.0]",0.0958109200000763,0.009760229848325253,0.0029065855778753757,0.203423508182168
136,-0.5099753386303959,2.8426813146103997,0.19956027622110772,0.045110504552678246,0.0024615460139033774,0.0011210185536264516,"(0.6395243156800554, -0.17675438505273183, 0.7139520284830472, -0.22369407243717873)",-0.012307730069013555,0.22555252276304844,4.051585086348311,backward,"[-50.0, 0, 0, 0]",0.09319301694631577,0.009258854202926159,0.0016902171773836017,0.20101325452327728
137,-0.4990297259012617,2.85730897141665,0.19959465412341862,0.3283683818740263,0.4388297041875125,0.0010313370693270651,"(0.6557129977035707, -0.1342933414814118, 0.695211973289297, -0.2620802840191453)",-0.3647459560748097,0.43584949276513973,3.699253073460606,left,"[0, -50.0, 0, 0]",0.09316796809434891,0.00918522011488676,0.01024560071527958,0.19866781391203403
138,-0.4990297259012615,2.85730897141665,0.19962628179354508,6.397199425169145e-15,-3.9101393809382816e-15,0.000948830103794096,"(0.6557129977035709, -0.1342933414814122, 0.6952119732892966, -0.26208028401914546)",1.9440416430477617e-14,3.18048220610659e-14,-3.615738064836752e-29,stop,"[0, 0, 0, 0]",0.09037527441978455,0.008678915910422802,0.0011859516380354762,0.19633466579020023
139,-0.49907988847055906,2.860795766301789,0.2069557212476172,-0.0015048770789279663,0.10460384655417763,0.21988318362216386,"(0.6557129977035712, -0.1342933414814126, 0.6952119732892963, -0.2620802840191456)",1.9116409489969657e-14,3.127474169338147e-14,-3.549999656068334e-29,forward,"[50.0, 0, 0, 0]",0.08745259046554565,0.008138034492731094,0.00100582221057266,0.1940031088143587
140,-0.49917917398888634,2.867697092177215,0.22143159733199108,-0.002978565549819047,0.2070397762627697,0.43427628253121586,"(0.6557129977035713, -0.1342933414814129, 0.6952119732892961, -0.26208028401914574)",1.879780266513683e-14,3.0753495998491783e-14,-3.4882055518260215e-29,forward,"[50.0, 0, 0, 0]",0.08482323586940765,0.0076560513116419315,0.00023430088185705245,0.19165838591754436
141,-0.49917917398888634,2.867697092177215,0.2105427084431022,5.181040781584064e-17,-4.4408920985006264e-17,-0.3266666666666666,"(0.6557129977035713, -0.1342933414814129, 0.6952119732892961, -0.26208028401914574)",0.0,0.0,0.0,stop,"[0, 0, 0, 0]",0.08261831849813461,0.007242454681545496,0.00010750586807262152,0.18932348027825355
142,-0.4891695724730502,2.883003730072111,0.18609876610696796,0.30028804547508464,0.4591991368468897,-0.7333182700840272,"(0.6557129977035713, -0.1342933414814129, 0.6952119732892961, -0.26208028401914574)",0.0,0.0,0.0,left,"[0, -50.0, 0, 0]",0.08076517283916473,0.006880051922053099,1.7000746083795093e-05,0.1869584396481514
143,-0.4715809649056988,2.9099001501426707,0.18721006481841254,0.5276582270205434,0.8068926021167886,0.03333896134333747,"(0.6696290870929696, -0.1239528616915381, 0.6892272534424273, -0.24738303682694696)",-1.1802742281323735,0.7718268887093023,9.517818816085836e-14,left,"[0, -50.0, 0, 0]",0.08009929955005646,0.006741784978657961,0.00014097006351221353,0.18458285346627235
144,-0.4566959609224792,2.9303711955666554,0.18823245963293891,0.4465501194965869,0.614131362719539,0.03067184443579085,"(0.693184777310854, -0.10690496740616379, 0.6772421990975633, -0.22228179459839992)",-1.97453839608685,1.3896615841660385,-4.4003817762105664e-13,backward,"[-50.0, 0, 0, 0]",0.08648504316806793,0.007794743403792381,0.0006630047573707998,0.18225449413061143
145,-0.4447023060947276,2.9460481252157664,0.18917306286230412,0.35980964483254796,0.47030788947333346,0.028218096880956334,"(0.7213474535325732, -0.08690513076893869, 0.6598298355131458, -0.19165056142573852)",-2.3515394473666724,1.7990482241627352,1.409221567851326e-13,backward,"[-50.0, 0, 0, 0]",0.0996083915233612,0.010313055478036404,0.0016419794410467148,0.18001796990633012
146,-0.4347049786233245,2.959401248965969,0.19003841783331893,0.2999198241420931,0.40059371250607134,0.025960649130443936,"(0.7436028424529799, -0.06959757990306328, 0.6441328258676258, -0.16523889435381806)",-2.0029685625303526,1.4995991207104544,1.2339449965360178e-13,backward,"[-50.0, 0, 0, 0]",0.13164359331130981,0.017981668934226036,0.004382285755127668,0.17805013030767441
147,-0.42720695938900893,2.970799411277911,0.19083454440665434,0.22494057702946785,0.34194486935825286,0.02388379720006284,"(0.7599499398649303, -0.054302643056930396, 0.6318048396448601, -0.14265327356094215)",-1.709724346791274,1.1247028851473297,2.2499956327864636e-13,backward,"[-50.0, 0, 0, 0]",0.12084237486124039,0.015107898972928524,0.002579635242000222,0.17596353597939016
148,-0.42255723559428854,2.9804975418948607,0.19156698085412194,0.1394917138416113,0.2909439185084985,0.02197309342402798,"(0.7704769180984943, -0.04062459195005924, 0.6240600662254926, -0.12354754125020546)",-1.4547195925424883,0.6974585692080573,-3.6207514146372835e-14,backward,"[-50.0, 0, 0, 0]",0.11170531809329987,0.01285190787166357,0.0007937909686006606,0.1737739407271147
149,-0.42093254856958834,2.9886514339419805,0.1922408223857924,0.04874061074100625,0.24461676141359032,0.02021524595011359,"(0.7753633628420067, -0.028397215692981898, 0.6216240906748269, -0.10765102691528548)",-1.2230838070679562,0.24370305370502704,6.289821269343491e-14,backward,"[-50.0, 0, 0, 0]",0.11130035668611526,0.01278071478009224,2.317214722324934e-07,0.17157090783119203
150,-0.42232231032025924,2.9953523105872866,0.19286075659492827,-0.04169285252012661,0.20102629935918503,0.01859802627407603,"(0.7748935228639134, -0.017605996939333075, 0.6247026027378907, -0.09474552880126294)",-1.0051314967959144,-0.2084642626006249,-6.505663848261806e-14,backward,"[-50.0, 0, 0, 0]",0.10885806381702423,0.012265600264072418,0.0008634511032141745,0.16937265589833259
151,-0.4265401728019375,3.000634223836514,0.19343109606733358,-0.12653587445034836,0.15845739747681906,0.017110184172159038,"(0.7694469616648779, -0.008355801972409949, 0.6330164802765289, -0.08468582795486362)",-0.7922869873840931,-0.632679372251737,-2.66899045585933e-14,backward,"[-50.0, 0, 0, 0]",0.10710973292589188,0.01188396755605936,0.0017335748998448253,0.16717712722718717
152,-0.4332373517958948,3.004515806219469,0.19395580838194723,-0.20091536981871772,0.1164474714886474,0.015741369438409758,"(0.7595267259599707, -0.0007940549045351988, 0.6458610391117856, -0.07734364994478024)",-0.5822373574432418,-1.0045768490935914,-4.050623938533916e-14,backward,"[-50.0, 0, 0, 0]",0.10495609045028687,0.011450360529124737,0.0018203712534159422,0.1649811565130949
153,-0.436727935293981,3.0101454210666523,0.20175159687577118,-0.10471750494258626,0.16888844541549664,0.23387365481471822,"(0.749694512970083, 0.006495643127325821, 0.6580140577400437, -0.07023847705776981)",-0.5612660472264777,-0.9683935082797466,-3.904860907259172e-14,forward,"[50.0, 0, 0, 0]",0.1024266704916954,0.010928603820502758,0.0066972943022847176,0.16277101323008536
154,-0.44262305512831557,3.0137602784658974,0.18023486621535734,-0.17685359503003636,0.1084457219773531,-0.645501919812415,"(0.739962321587549, 0.013525744559220673, 0.6695208663899257, -0.06336107901043504)",-0.5414413075169141,-0.9341884297203973,-3.766776918571418e-14,backward,"[-50.0, 0, 0, 0]",0.10104630142450333,0.010638359002768993,0.0005695780273526907,0.16056477449834347
155,-0.44970927079280054,3.0158524745724464,0.1818152769181296,-0.21258646993454897,0.06276588319646301,0.04741232108316762,"(0.7283072302228564, 0.01814757222686558, 0.6824439937224123, -0.05924052210764234)",-0.31382941598233527,-1.062932349672766,-6.251916776695479e-14,backward,"[-50.0, 0, 0, 0]",0.10129950195550919,0.010546932928264141,0.00014732113049831241,0.15836866497993468
156,-0.4578086971938042,3.016570608748724,0.1832692547646774,-0.24298279203010859,0.021544025288333876,0.043619335396434256,"(0.7144455444123664, 0.020568461958222456, 0.6970165744189536, -0.05755343106416945)",-0.10772012644163795,-1.214913960150496,4.500367039212394e-06,backward,"[-50.0, 0, 0, 0]",0.12235641479492188,0.015070379711687565,5.722402784158476e-05,0.15639949083328247
157,-0.46631161827021705,3.0158518189430152,0.18460691438350382,-0.2550876322923865,-0.02156369417126247,0.040129788564792435,"(0.6993639932139339, 0.020534758654985157, 0.7120809598322951, -0.0583869448349489)",0.10781847085630428,-1.275438161461948,5.45939978546635e-06,backward,"[-50.0, 0, 0, 0]",0.08612176030874252,0.007423046976327896,0.00017872681200969964,0.15410534493625164
158,-0.473564113093598,3.015199758991471,0.1858375612328233,-0.21757484470142996,-0.01956179854633466,0.036919405479584055,"(0.6907080815385847, 0.07290167172045568, 0.7107484195059549, -0.11155436579281897)",0.02233663913562149,-0.432259400644197,4.488539834145618,rotate_left,"[0, 0, 0, 5.0]",0.08763071149587631,0.007772414479404688,0.001736326958052814,0.15183506175875663
159,-0.47906745832652925,3.011304993600392,0.1869697563341978,-0.16510035698793699,-0.11684296173236045,0.033965853041234895,"(0.6732654237848562, 0.11392131697580486, 0.7117115701858557, -0.1649310266077307)",0.5842148086622921,-0.8255017849400286,4.049312830868189,backward,"[-50.0, 0, 0, 0]",0.08942443132400513,0.00816599652171135,1.5828389223315753e-05,0.14959543868899344
160,-0.48392537175103295,3.0022484333845476,0.18801137582746222,-0.14573740273511177,-0.27169680647533917,0.03124858479793302,"(0.6524128217637263, 0.14153663622964296, 0.7109467546876851, -0.22108731895370753)",1.291300262832423,-0.7495440002796603,3.666332643499703,backward,"[-50.0, 0, 0, 0]",0.08615251630544662,0.007626510690897703,3.662691233330406e-05,0.14746072985231876
161,-0.48792145740632253,2.9868262960062286,0.18896966576126456,-0.11988256965868772,-0.46266412134957413,0.02874869801407054,"(0.6278935884107789, 0.15410478363459312, 0.7087893637721646, -0.2821683807534446)",2.163440472030362,-0.6099255665219785,3.336840744047082,backward,"[-50.0, 0, 0, 0]",0.0817776471376419,0.006888208910822868,7.080542854964733e-05,0.1453276874870062
162,-0.49100303190348366,2.9633595398616923,0.1898512925003633,-0.0924472349148335,-0.7040026843360858,0.026448802172962638,"(0.5989498802092043, 0.15330096609920493, 0.7054700657006715, -0.34651095392602066)",2.9199588918713566,-0.49772493783656774,3.032377096251494,backward,"[-50.0, 0, 0, 0]",0.07891248166561127,0.006401846185326576,6.947734800633043e-05,0.14321213610470296
163,-0.4933227139604252,2.9305573253258044,0.19066238910033143,-0.06959046170824594,-0.9840664360766366,0.0243328979990437,"(0.5649307633279956, 0.14078122368253304, 0.7008312561579009, -0.41215219288053717)",3.556845336730393,-0.40958303447788375,2.740486086764655,backward,"[-50.0, 0, 0, 0]",0.0774507001042366,0.0061616855673491955,4.409645407577045e-05,0.14113118514418602
164,-0.4952203043066769,2.887533331075915,0.19140859797230528,-0.056927710387550956,-1.2907198274966754,0.02238626615921535,"(0.5252775802382987, 0.11826161135493504, 0.6945137726405538, -0.4772297922294009)",4.084359565117603,-0.3470498927091838,2.466968218309267,backward,"[-50.0, 0, 0, 0]",0.07617546617984772,0.005969604477286339,1.5622870705556124e-05,0.13909246444702147
165,-0.4971896432056956,2.8338044545846457,0.19209511013452155,-0.05908016697056082,-1.6118662947380822,0.020595364866488164,"(-0.47972349581587276, -0.08752320337151055, -0.6861055081440001, 0.5398743262355151)",4.481189177832999,-0.30732468563841103,2.196473330152149,backward,"[-50.0, 0, 0, 0]",0.07487741112709045,0.005781864281743765,3.429980324654025e-06,0.1371024316549301
166,-0.49903342186533745,2.783501200060749,0.19272670132376224,-0.0553133597892551,-1.5090976357168953,0.018947735677220634,"(0.4811792049564807, 0.04700825209114927, 0.7252260845159114, -0.4902080408260397)",0.39694356681616894,-0.014549278858905683,-4.48981512521466,rotate_right,"[0, 0, 0, -5.0]",0.0730079784989357,0.00552721880376339,0.0010673848446458578,0.1351579038053751
167,-0.501843123143798,2.7493073448268723,0.1945140865878169,-0.08429103835381518,-1.0258156570163004,0.053621557921639834,"(0.4801492799006986, 0.009976272035414308, 0.7572164192806304, -0.44269677814384)",0.36050843900856366,-0.013213812361779646,-4.077698639156392,forward,"[50.0, 0, 0, 0]",0.07242751121520996,0.005395215470343828,0.00014152968651615083,0.13328309305012226
168,-0.5018431231437979,2.7493073448268723,0.19495215966079155,3.2175651203939753e-15,4.087266798260429e-15,0.0131421921892389,"(0.4801492799006989, 0.009976272035414456, 0.7572164192806303, -0.44269677814383984)",-1.8943780220145753e-14,1.4912439507184222e-14,1.9530936204643166e-29,stop,"[0, 0, 0, 0]",0.07142464071512222,0.0052412510849535465,0.000296505109872669,0.1314788718521595
169,-0.5045644650560905,2.761900210345652,0.19779618574552707,-0.08164025736877908,0.3777859655633904,0.08532078254206597,"(0.4801492799006993, 0.009976272035414567, 0.7572164192806303, -0.4426967781438398)",-1.862805054980999e-14,1.4663898848731153e-14,1.925483488781581e-29,forward,"[50.0, 0, 0, 0]",0.07056699693202972,0.005114567466080189,0.0005143340677022934,0.12974499821662902
170,-0.5099438408601805,2.7867929868725128,0.2029873999264359,-0.16138127412270042,0.7467832958058302,0.15573642542726496,"(0.4801492799006995, 0.009976272035414712, 0.7572164192806303, -0.44269677814383956)",-1.831758304064649e-14,1.4419500534585633e-14,1.8847256753451622e-29,forward,"[50.0, 0, 0, 0]",0.0696796253323555,0.00498706242069602,0.0005884307902306318,0.12808333300054073
171,-0.5029256091741295,2.82220368625692,0.18898334468888997,0.21054695058153083,1.0623209815322239,-0.42012165712637795,"(0.4801492799006999, 0.009976272035414827, 0.7572164192806301, -0.4426967781438395)",-1.8012289989969048e-14,1.4179175525675873e-14,1.850541702785585e-29,left,"[0, -50.0, 0, 0]",0.06909441202878952,0.004901667591184378,5.450621392810717e-05,0.1265006873011589
172,-0.4989847449263832,2.867739295773894,0.18986387711377894,0.11822592743239146,1.3660682855092203,0.02641597274666896,"(0.48382880073668727, 0.015198836154331418, 0.7568219165578587, -0.4392029981397468)",-0.4359035597102377,0.03772512923731952,-1.0992699984244203e-14,forward,"[50.0, 0, 0, 0]",0.06830724328756332,0.004790734965354204,0.0003178533515892923,0.12499738581478596
173,-0.4979037282358901,2.9240585748657284,0.1931354173816736,0.0324305007147921,1.6895783727550306,0.09814620803683964,"(0.4873953549384082, 0.020295496208067053, 0.7563980553901662, -0.43577040126666045)",-0.42545979740558154,0.03682127728683556,-1.073040979467651e-14,forward,"[50.0, 0, 0, 0]",0.06765694916248322,0.004697693977504969,0.00013266384485177696,0.12357938922941684
174,-0.49688717895332896,2.9770192028177918,0.1936837839911413,0.030496478476833674,1.5888188385619026,0.016450998284030793,"(0.48678394789078605, 0.060480364717952144, 0.7215237481232668, -0.4886583616941357)",-0.30387121836670006,0.005832636072610095,4.492206995120862,rotate_left,"[0, 0, 0, 5.0]",0.06552598625421524,0.004399812314659357,0.00012334587518125772,0.12223820850253105
175,-0.4951365108129281,3.011270470107215,0.19418828127184812,0.052520044212026495,1.0275380186827021,0.015134918421203958,"(-0.4911088287963066, -0.10614313668003175, -0.6852038895011545, 0.5272962949106831)",-1.1078163587943433,0.04946669904956667,4.058877376139867,backward,"[-50.0, 0, 0, 0]",0.06768576800823212,0.0046866582706570625,1.6731493133192998e-06,0.12101882427930832
176,-0.5048960678891461,3.0365600622960267,0.19607162769311134,-0.2927867122865416,0.75868776566435,0.05650039263789695,"(-0.4929496687227663, -0.14739247401793346, -0.6490890561637778, 0.5603208722485752)",-1.0116646439901684,0.04517329075895948,3.7065915330959402,right,"[0, 50.0, 0, 0]",0.08420444279909134,0.0072030238807201385,0.0003793153155129403,0.12006436355412006
177,-0.514685045373453,3.044584419621451,0.19638509747766253,-0.29366932452920735,0.2407307197627251,0.009404093536535929,"(-0.48677408379427134, -0.19201420108048722, -0.6188018969646952, 0.5858888548543696)",-1.0424377650615317,-0.6191165213338671,3.3904101713357657,backward,"[-50.0, 0, 0, 0]",0.08969802409410477,0.008206888101994991,0.0003674683684948832,0.11926636800169944
178,-0.5263777393080332,3.0371095928795317,0.19667348967945036,-0.3507808180374048,-0.2242448022575764,0.008651766053635157,"(-0.47080353536228975, -0.23027218601618474, -0.5934652722754769, 0.6108336287735728)",-0.4225902888065014,-0.9109270878101574,3.119744371117439,backward,"[-50.0, 0, 0, 0]",0.09764785319566727,0.00975700281560421,0.00046604324597865343,0.11865121074020862
179,-0.5407852237149257,3.0138842724031094,0.19693881050509351,-0.4322245322067741,-0.6967596142926691,0.007959624769294849,"(-0.44722873914095895, -0.261308429192566, -0.5720708609263946, 0.6359554149452895)",0.17300922484092968,-1.0259293964402725,2.882328474061072,backward,"[-50.0, 0, 0, 0]",0.10554467141628265,0.011449211277067661,0.0004621589614544064,0.11821568362414837
180,-0.5582243189045942,2.9749227739496567,0.19718290566468644,-0.523172855690057,-1.1688449536035819,0.007322854787787603,"(-0.41755870267886014, -0.28617353624870595, -0.554098902609798, 0.6608508478428967)",0.6651874432198737,-1.095055610166117,2.6737722503137515,backward,"[-50.0, 0, 0, 0]",0.10522938519716263,0.011450971476733685,0.00016045855591073632,0.11786347329616546
181,-0.5787846525801194,2.920654203854728,0.19740747321151056,-0.6168100102657534,-1.6280571028478532,0.006737026404723567,"(-0.383000457003856, -0.30583492799969536, -0.5390578199871938, 0.6849761407968259)",1.06319477647796,-1.1378958126083711,2.4854188034101834,backward,"[-50.0, 0, 0, 0]",0.09947790205478668,0.010305165313184261,3.0100761705398327e-06,0.11751456364989281
182,-0.6024200691039026,2.8518913589152075,0.1976140753545897,-0.709062495713495,-2.062885348185613,0.006198064292373684,"(-0.34463363452422274, -0.32111561964249347, -0.5264447128150354, 0.7077911988187879)",1.3759768599229638,-1.160884159531876,2.3124036548952103,backward,"[-50.0, 0, 0, 0]",0.08814126253128052,0.008113727904856205,0.00036534282844513655,0.11710549801588059
183,-0.6290031869632987,2.769763450131653,0.197804149326223,-0.7974935357818848,-2.4638372635066337,0.00570221914899971,"(-0.30346042610628554, -0.33271946695630833, -0.5157637849562657, 0.7288327957928956)",1.6119460450346226,-1.1675080414281316,2.1523086625218215,backward,"[-50.0, 0, 0, 0]",0.07807816565036774,0.006311730947345495,0.001021848525851965,0.11664379701018333
184,-0.6290031869632984,2.7697634501316526,0.19797901738012513,8.972254309016849e-15,-1.0377948035097245e-14,0.005246041617063879,"(-0.3034604261062853, -0.33271946695630733, -0.5157637849562658, 0.7288327957928961)",5.0307726342264635e-14,4.349165771724887e-14,-1.585835275440239e-29,stop,"[0, 0, 0, 0]",0.07680696249008179,0.006101071834564209,1.3874297337679309e-06,0.11609529599547386
185,-0.6290031869632979,2.769763450131652,0.19813989598971513,1.4032389966727228e-14,-1.5829811780665893e-14,0.004826358287700061,"(-0.32748538385910947, -0.3091015969919124, -0.5688081388683688, 0.6882345728403968)",-1.615967604534117e-13,3.380623540539087e-13,-4.489802035123538,rotate_right,"[0, 0, 0, -5.0]",0.07883471250534058,0.0063184876926243305,9.648389823269099e-05,0.11551054999232292
186,-0.631839569583255,2.7524921079383016,0.198287904310537,-0.08509147859871341,-0.5181402658005184,0.004440249624656167,"(-0.34302709922957897, -0.2834785928302771, -0.6162941289448981, 0.649733670998476)",0.3571403658892109,-0.05865130314414999,-4.069719851756196,backward,"[-50.0, 0, 0, 0]",0.0649774819612503,0.004198765382170677,0.0016751132206991315,0.11475570574402809
187,-0.6359401513367012,2.718408422946176,0.19842407196569326,-0.12301745260338556,-1.022510549763763,0.004085029654687322,"(-0.35059773651718545, -0.2550354766348411, -0.6594282074607645, 0.6141600540671373)",0.7586228985134718,-0.10412892111954108,-3.7136122007056733,backward,"[-50.0, 0, 0, 0]",0.06496400386095047,0.004190319683402777,0.001311076688580215,0.11405526258051396
188,-0.6396417479076741,2.7045599557309177,0.19854934620843795,-0.11104789712918575,-0.4154540164577527,0.003758227282340848,"(-0.3523545913777245, -0.22586632395396652, -0.6984244212649761, 0.5805462715574374)",0.9795606487123144,-0.190409826584885,-3.409421169361009,forward,"[50.0, 0, 0, 0]",0.06706646084785461,0.0045016794465482235,0.0002324217784916982,0.11344552643597126
189,-0.6396417479076744,2.7045599557309172,0.1986645985117629,-5.1070448591691206e-15,-1.7393507019791017e-14,0.003457569099748592,"(-0.3523545913777234, -0.22586632395396578, -0.6984244212649765, 0.5805462715574379)",8.519775781580482e-14,-2.5015833136660202e-14,-5.001954910338232e-30,stop,"[0, 0, 0, 0]",0.06677598506212234,0.004510006867349148,9.755373321240768e-05,0.11289108395576478
190,-0.6517114759612765,2.7004136434981656,0.20130787518631085,-0.36209184160806646,-0.12438936698255018,0.07929830023643816,"(-0.35235459137772235, -0.22586632395396505, -0.6984244212649771, 0.5805462715574382)",8.377779518554141e-14,-2.4598902584382532e-14,-4.893486535870343e-30,right,"[0, 50.0, 0, 0]",0.06621865183115005,0.004475294146686792,0.0006587373791262507,0.11238737642765045
191,-0.6755711179998537,2.692217143526147,0.20641982431987155,-0.7157892611573133,-0.24589499916055638,0.15335847400682043,"(-0.3523545913777212, -0.2258663239539643, -0.6984244212649774, 0.5805462715574387)",8.238149859911572e-14,-2.4188920874642824e-14,-4.676549786934564e-30,right,"[0, 50.0, 0, 0]",0.06561046838760376,0.004425941966474056,0.00039048283360898495,0.11192224077880382
192,-0.7107957423150856,2.6801164325537297,0.2139107329400488,-1.056738729456955,-0.36302132917251356,0.22472725860531817,"(-0.3523545913777203, -0.2258663239539637, -0.6984244212649781, 0.5805462715574389)",8.100847362246379e-14,-2.3785772193398777e-14,-4.762009718333507e-30,right,"[0, 50.0, 0, 0]",0.0650201141834259,0.00437065539881587,9.115906141232699e-05,0.11119174905121326
193,-0.7568339084937408,2.6643009468400294,0.22366445146255362,-1.3811449853596556,-0.4744645714110085,0.29261155567514474,"(-0.35235459137771913, -0.225866323953963, -0.6984244212649784, 0.5805462715574393)",7.965833239542272e-14,-2.338934265684213e-14,-4.5812290942203584e-30,right,"[0, 50.0, 0, 0]",0.0644940510392189,0.004315739031881094,4.255102794559207e-06,0.10990873143076897
