Step,Agent_ID,Position_X,Position_Y,Position_Z,Velocity_X,Velocity_Y,Velocity_Z,Orientation_W,Orientation_X,Orientation_Y,Orientation_Z,Angular_Velocity_X,Angular_Velocity_Y,Angular_Velocity_Z,Action_Type,Action_Vector_0,Action_Vector_1,Action_Vector_2,Action_Vector_3,Curiosity_Reward,World_Loss,Self_Loss,VAE_Loss,VAE_KLD_Loss,Is_Interacting_Object,Is_Interacting_With_Other_Agent
36,0,-1.1789600833962037,-0.32146679117772947,0.19999000000000328,-1.2213943021682219,-1.382514743401597,9.725553695716371e-14,0.9458610921298982,0.28656616470386276,-0.09343193150663111,-0.12040391113537437,2.0767048715131216,-2.1407728706342404,2.874406742922792,left,0.0,-50.0,0.0,0.0,0.962651252746582,2.016636371612549,0.3270875811576843,1846.3228759765625,3.9353976249694824,0,0
36,1,1.2731723791751077,0.0035416461008919977,0.19998999999999803,0.19540226937640756,0.0591923380483166,1.0602629885170245e-14,-0.14317904081719382,0.2060693071315853,0.029812478801705688,0.9675465978632112,-0.17383422098535894,0.5738550672010363,-4.366825098311541e-14,backward,-50.0,0.0,0.0,0.0,1.0539852380752563,2.016636371612549,0.9153153300285339,1846.3228759765625,3.9353976249694824,0,0
40,0,-1.198233998871658,-0.34010455922716526,0.19459174850513214,-0.000263847325524532,-0.0022528121678166146,-0.32669519598725333,0.942585173175909,0.3088205864035799,-0.09762635233247198,-0.08143790304610428,2.3883046389326792e-15,-1.6743721450803036e-14,5.961673062859917e-31,left,0.0,-50.0,0.0,0.0,0.9375513792037964,1.922200322151184,0.32004138827323914,1666.95263671875,36.540504455566406,0,0
40,1,1.2903290222921189,0.008738830194218922,0.19998999999999767,0.0003037442240255275,9.219581545514562e-05,1.0602629885170245e-14,-0.15646496079648564,0.22318785008682523,0.03564542787667233,0.9614755863193115,-0.0004609790771220521,0.0015187211199593107,1.7302233214129608,rotate_left,0.0,0.0,0.0,5.0,0.9846490025520325,1.922200322151184,0.5313036441802979,1666.95263671875,36.540504455566406,0,0
44,0,-1.1901586375240822,-0.3425083579183612,0.1961227306327675,0.2078305039037011,-0.2582231826133335,0.02017705756820165,0.9430965713791772,0.3082613735150521,-0.09314526540164332,-0.08287184192903721,0.36107754569745626,0.375338461361033,-7.739615162452294e-15,left,0.0,-50.0,0.0,0.0,0.9864485859870911,1.9638092517852783,0.21243172883987427,1378.5921630859375,44.88422393798828,0,0
44,1,1.316909979491615,0.008861206980741056,0.1999899999999988,0.4749599067137132,-0.10048298322519687,-8.493206138382448e-15,-0.22150673656344202,0.24379935032202915,0.05144354226891542,0.9427885258096838,-0.06339021356025373,1.0068163249879236,3.285167101426377,rotate_left,0.0,0.0,0.0,5.0,0.977360725402832,1.9638092517852783,0.35715189576148987,1378.5921630859375,44.88422393798828,0,0
48,0,-1.1815499680375607,-0.3765441133404748,0.19721951545089267,0.059416191763845515,-0.7712808748421955,0.014454701995439856,0.9267025431857059,0.33546421176501906,-0.09031764350353551,-0.1432790366731562,1.6750431722177017,0.48263826339595556,-1.5747026136070559,left,0.0,-50.0,0.0,0.0,0.9362105131149292,1.8980329036712646,0.26220300793647766,1071.0921630859375,54.882991790771484,0,0
48,1,1.358014832114459,0.015140044200656958,0.19998999999999895,3.0386218862329408e-15,6.68989618048504e-16,4.052314039881821e-15,-0.29329068520502194,0.2783763662604218,0.06369385513619259,0.9123761644724735,-3.344948090242355e-15,1.5193109431163945e-14,-7.58608782675553e-31,stop,0.0,0.0,0.0,0.0,0.9618223309516907,1.8980329036712646,0.25122642517089844,1071.0921630859375,54.882991790771484,0,0
52,0,-1.1827824340629405,-0.4407153566960135,0.19800524437323444,-0.0951391994171731,-1.1700220221092412,0.010355246748446456,0.8989867249091135,0.4068071433327991,-0.06684149908824503,-0.14786152498276758,2.9209422113828776,0.17251159545918526,0.15185828162409876,left,0.0,-50.0,0.0,0.0,0.8740156888961792,1.770727276802063,0.20338326692581177,864.4142456054688,53.87078094482422,0,0
52,1,1.3739894250751288,0.027002073932502313,0.19998999999999903,0.4760082570991815,0.3534627838227872,4.496403249731884e-15,-0.2910452272423846,0.29564760747499635,0.06957087510300201,0.9072183095766652,-0.6811671463966078,0.9173276536859654,6.551076031017145e-14,backward,-50.0,0.0,0.0,0.0,0.8967115879058838,1.770727276802063,0.2158391773700714,864.4142456054688,53.87078094482422,0,0
56,0,-1.18472810357253,-0.5137430125510465,0.1985681350416648,-0.3444595411781936,-0.9243606377735591,0.0074184258696256555,0.8461277013419856,0.49451656499923713,-0.062155162877366936,-0.1888333013288997,3.1639914434454868,0.026153108690641913,-1.4671786891071077,backward,-50.0,0.0,0.0,0.0,0.804180383682251,1.5973598957061768,0.10750915110111237,765.35693359375,50.39438247680664,0,0
56,1,1.4294649159919466,0.06819573215368235,0.199989999999998,1.029627552341088,0.7645561091085143,-3.952393967665557e-14,-0.2820728282428842,0.3569916652263503,0.09053879334536456,0.8858863343711444,-1.5553784879431194,2.094627884624234,4.712265310085655e-15,backward,-50.0,0.0,0.0,0.0,0.7931795716285706,1.5973598957061768,0.2583376169204712,765.35693359375,50.39438247680664,0,0
60,0,-1.1951248110857922,-0.5633543587010618,0.1994664578537638,0.07835717775050949,-0.7571880029964705,-0.11604292864907001,0.793334703944279,0.574543488881625,-0.044908268792163177,-0.19622200257734657,2.7959677794397635,-0.05549038325211724,0.34719789939952067,forward,50.0,0.0,0.0,0.0,0.7118281722068787,1.547598123550415,0.10828303545713425,679.9519653320312,38.67377471923828,0,0
60,1,1.5139326438234246,0.11984136113592157,0.1999899999999963,1.3162071300923253,0.6516641668559141,-1.0086376178719547e-13,-0.27804642136448804,0.449517890449727,0.1276772182542511,0.8392391683369438,-1.95955625775497,2.847185270180388,1.731006944444987,rotate_left,0.0,0.0,0.0,5.0,0.8357698917388916,1.547598123550415,0.2779994010925293,679.9519653320312,38.67377471923828,0,0
64,0,-1.1915160707036125,-0.5733205072820079,0.20453332011948527,0.14277314841638297,0.11413085818818469,0.19838013632444382,0.7772348706699032,0.5969550515636889,-0.03790300929175089,-0.19522803106614076,0.013763515277199375,-2.8504139800318667e-05,2.1558465437504163e-10,right,0.0,50.0,0.0,0.0,0.7433764934539795,1.5657432079315186,0.15444210171699524,584.9464721679688,33.96854782104492,0,0
64,1,1.5923204411278142,0.17524700948681834,0.19579620935795,1.1085111004592567,0.8757950518965371,-0.33540966909288644,-0.30141416308924185,0.5435205877654977,0.1776265797242922,0.7630096140545736,-1.9287378729502132,2.913678810302974,1.444163500189154,backward,-50.0,0.0,0.0,0.0,0.8223667144775391,1.5657432079315186,0.22533534467220306,584.9464721679688,33.96854782104492,0,0
68,0,-1.1828635494665438,-0.5666252746067328,0.20040379144592166,0.19398012841430645,0.1428608483505017,0.10491472867150589,0.7673273117049842,0.5903764740062961,-0.0682506156959612,-0.2408449067524939,-0.20689382332186815,0.2765311768818109,-1.612218349688327,right,0.0,50.0,0.0,0.0,0.8173524737358093,1.6498701572418213,0.14754672348499298,519.47119140625,29.63214683532715,0,0
68,1,1.6562734648356983,0.22293345703491724,0.2074924419750563,0.8856217787764136,0.6191740667106915,0.33266070027055694,-0.27047352700822747,0.6402538057300526,0.1942387751726469,0.6922358222855443,-2.0135740847396852,2.8773601438941485,-0.2948568482141039,forward,50.0,0.0,0.0,0.0,0.8325175642967224,1.6498701572418213,0.17140378057956696,519.47119140625,29.63214683532715,0,0
72,0,-1.1635009143894022,-0.5532843718369083,0.2017038218729652,0.354378247373042,0.2272300315049039,-0.030788790255642753,0.737166805823083,0.5710547035057226,-0.13325451025490176,-0.3357452330165096,-0.18144345213113153,0.24251459299131709,-4.65610340316009,right,0.0,50.0,0.0,0.0,0.7230098247528076,1.530245065689087,0.14593961834907532,477.068359375,26.28350257873535,0,0
72,1,1.7125562749886591,0.2640619490591832,0.1943607644226792,0.7849353350078102,0.5719253565150267,0.029369924751186494,-0.276144995349008,0.7073131547814634,0.24330894364203828,0.6035335952211653,-2.175806292904354,3.043304683190138,1.2453620904475016,rotate_right,0.0,0.0,0.0,-5.0,0.8072352409362793,1.530245065689087,0.18613731861114502,477.068359375,26.28350257873535,0,0
76,0,-1.1541578071731702,-0.5483929140748978,0.19960390558848293,-0.09337727740294192,0.22116133402495114,0.002014405625323793,0.7253678072615538,0.5639871931652541,-0.15338366873761877,-0.3636391622181694,-0.008908800497184777,-0.003761414892065699,-4.732896726392341e-16,backward,-50.0,0.0,0.0,0.0,0.7816352248191833,1.613006353378296,0.16104763746261597,440.1048583984375,22.345630645751953,0,0
76,1,1.7723891440216764,0.2908516883299779,0.19758181165698957,0.9479556438595904,0.35296343459875307,0.012564460919945508,-0.24892317863329302,0.7825972798415666,0.2535399680531592,0.5111714324209458,-1.8910570094793713,2.9873844910806624,1.26851155521284,rotate_left,0.0,0.0,0.0,5.0,0.8313710689544678,1.613006353378296,0.16467854380607605,440.1048583984375,22.345630645751953,0,0
80,0,-1.1424439259023944,-0.5331915475502061,0.21020766498442198,0.39054961869466265,0.09793213418137439,0.06484200689065739,0.7255129294128004,0.5638208948514917,-0.15357844522999778,-0.3635253071581905,-0.00861276687872447,-0.00363642553335455,-4.575398290802612e-16,forward,50.0,0.0,0.0,0.0,0.8411725759506226,1.638559103012085,0.09749363362789154,419.0977783203125,19.177257537841797,0,0
80,1,1.8092807903352914,0.3002509238457229,0.19949471054725046,5.985485936638875e-15,1.9081182017041394e-15,0.0025841188839098306,-0.24113258314822952,0.8117726565497531,0.2600807451454805,0.4639377516725606,-9.197450113898836e-14,2.4138013312004614e-15,-1.7310132329872618,rotate_right,0.0,0.0,0.0,-5.0,0.7973865866661072,1.638559103012085,0.1803346425294876,419.0977783203125,19.177257537841797,0,0
84,0,-1.109075381241728,-0.5366341720257584,0.2047515700783333,-3.7007434154171884e-18,-7.401486830834377e-18,-0.16333333333333333,0.7256185525929297,0.5636997717383214,-0.1537202593653091,-0.36344238241538107,0.0,0.0,0.0,stop,0.0,0.0,0.0,0.0,0.8027132749557495,1.6035552024841309,0.11249386519193649,388.2772521972656,20.556968688964844,0,0
84,1,1.8222434769151112,0.30135847520740644,0.20290645927926967,0.4172017308643171,-0.09875730072191044,-0.04379657262461931,-0.2417337348381594,0.8114348589894568,0.2611327431289164,0.4636248068470044,-9.243539604183238e-15,3.419374377988598e-14,0.0383801692972036,right,0.0,50.0,0.0,0.0,0.8008419871330261,1.6035552024841309,0.14440052211284637,388.2772521972656,20.556968688964844,0,0
88,0,-1.0804636284040963,-0.5657522813350773,0.19880588678938993,0.6770700016501214,-0.6890524458123661,0.0061779819684004145,0.7181166055854488,0.5700282939458863,-0.1346827677038437,-0.37581489721298683,0.8909162890628215,0.875423357539203,-9.965745096679253e-14,forward,50.0,0.0,0.0,0.0,0.7528589963912964,1.5107758045196533,0.12467459589242935,361.06597900390625,20.957141876220703,0,0
88,1,1.8485388494732042,0.29927910597981283,0.19689327591373873,9.494202162330666e-15,-9.356377491615536e-15,0.016156821319619347,-0.2618957642519688,0.799161364597916,0.29657706123581035,0.45254145528294354,3.9191523390887166e-14,3.9755842552027705e-14,-5.469386704843056e-29,stop,0.0,0.0,0.0,0.0,0.7579167485237122,1.5107758045196533,0.12181229889392853,361.06597900390625,20.957141876220703,0,0
92,0,-1.013852292138587,-0.6293206046144441,0.19935304490704403,1.0697733964180238,-0.9633683060084036,-0.07167263128896095,0.7053477669794045,0.5843766196306109,-0.08328433872035289,-0.39249485725316413,1.1979244813211813,1.177092778529939,1.7361111111111664,rotate_left,0.0,0.0,0.0,5.0,0.7172228097915649,1.5054059028625488,0.09124460816383362,347.9269714355469,19.504541397094727,0,0
92,1,1.8523767805472626,0.3014734437331204,0.19736573630244025,1.4802973661668754e-17,7.401486830834377e-18,-0.1633333333333334,-0.26189576425196975,0.7991613645979165,0.29657706123580957,0.4525414552829429,0.0,0.0,0.0,stop,0.0,0.0,0.0,0.0,0.7881830334663391,1.5054059028625488,0.11617215722799301,347.9269714355469,19.504541397094727,0,0
96,0,-0.9955709363968963,-0.6491005696946233,0.1995336898555704,0.03845853773094483,-0.12031236149150054,0.0023807485796444317,0.7001462528116845,0.5930062068313431,-0.05557167237043274,-0.39376471726554224,0.601561807457503,0.19229268865472363,-3.018512937970442e-14,left,0.0,-50.0,0.0,0.0,0.7160232663154602,1.4474542140960693,0.0895521268248558,336.15655517578125,16.12289810180664,0,0
96,1,1.8286470647705926,0.324213047009424,0.19810999596188508,-0.5371608644944735,0.5079797281448291,0.009808716720683452,-0.25915701376153527,0.7872372943605556,0.32927875488867375,0.45240533392638077,-0.5904210798272669,-0.6127480993013303,1.6856124346068462,left,0.0,-50.0,0.0,0.0,0.7314309477806091,1.4474542140960693,0.10654992610216141,336.15655517578125,16.12289810180664,0,0
100,0,-0.99984593891178,-0.6543526878492767,0.19586850819805254,-0.2178449817489835,0.03246122323745152,0.021503435488433142,0.6897524131503865,0.6091120860654715,-0.0579046480778316,-0.3871319244045507,0.2262190352395529,-0.6411045243703382,-7.081146538604573e-15,backward,-50.0,0.0,0.0,0.0,0.7027696967124939,1.4304503202438354,0.06623939424753189,331.9827575683594,12.812493324279785,0,0
100,1,1.8132012611963657,0.3417730205988283,0.19981182855471,-1.1153181347997051e-15,1.8942339464200778e-16,0.0009295901493346082,-0.24517399787976654,0.7850891971881888,0.33661485366137456,0.45849220660398227,-9.368373793591433e-16,-5.514913110893152e-15,-1.867938954251292e-31,stop,0.0,0.0,0.0,0.0,0.7276806235313416,1.4304503202438354,0.1425168365240097,331.9827575683594,12.812493324279785,0,0
104,0,-1.0216654819074564,-0.6525342577970632,0.19703739228838674,-0.35151044619588273,0.028319730970640458,0.015404909799693306,0.6765169816153265,0.6239380151562157,-0.10883237766594608,-0.37574145419501803,-0.14159865485321033,-1.7575522309794132,0.10561192432287772,rotate_left,0.0,0.0,0.0,5.0,0.7964363694190979,1.7218960523605347,0.05520142987370491,332.4257507324219,10.195212364196777,0,0
104,1,1.808228325327586,0.35452270858354756,0.20124530486018483,7.401486830834377e-18,-7.401486830834377e-18,-0.16333333333333339,-0.2418769466906688,0.784285460521754,0.33869330171530654,0.4600855425319992,0.0,0.0,0.0,stop,0.0,0.0,0.0,0.0,0.9254597425460815,1.7218960523605347,0.2608449459075928,332.4257507324219,10.195212364196777,0,0
108,0,-1.0550272683229018,-0.6488821506171454,0.1978747726217597,-0.5719052567835834,0.06846323788656918,0.01103596892998887,0.6716217995522367,0.647087023677053,-0.1668558468267718,-0.31994010147949437,-0.34231618943284764,-2.8595262839179196,0.041060792819263836,left,0.0,-50.0,0.0,0.0,0.8970921635627747,2.027428388595581,0.18297243118286133,319.43145751953125,12.439352989196777,0,0
108,1,1.8122585910340678,0.3584037970308464,0.19802697062414576,-2.247650617400433e-15,-4.008787553548128e-15,0.010241892395760066,-0.2596546597230699,0.7718674782301757,0.37223004025780604,0.4452469549186812,1.7849619934006105e-14,-1.0008863290903343e-14,5.304405258238374e-31,stop,0.0,0.0,0.0,0.0,1.1303361654281616,2.027428388595581,0.5063818693161011,319.43145751953125,12.439352989196777,0,0
112,0,-1.0963150895267095,-0.6434673099775782,0.19847466599742855,-0.6194678199610028,0.08337250327461422,0.007906090448100755,0.6557079170781414,0.6642429950117743,-0.24885514382607757,-0.25864935424264174,-0.41686251637284283,-3.097339099805163,-1.7296510776049516,rotate_right,0.0,0.0,0.0,-5.0,1.0285694599151611,2.228579521179199,0.2709548771381378,318.7917785644531,14.797152519226074,0,0
112,1,1.8152808122612032,0.36158346028868277,0.20109648840451053,0.09066663681405755,0.09538989773509432,0.08269670607151362,-0.25965465972306967,0.7718674782301753,0.37223004025780615,0.4452469549186817,-1.0097826821979922e-14,-2.7230734212966682e-14,2.758345430211297e-30,forward,50.0,0.0,0.0,0.0,1.200009822845459,2.228579521179199,0.5519130229949951,318.7917785644531,14.797152519226074,0,0
116,0,-1.134074254476078,-0.6379443288494346,0.1989044253885101,-0.5166884706455881,0.07916108659106529,0.0056638675382237325,0.6243627059023819,0.6629505124011458,-0.346709430539012,-0.2246339252219664,-0.395805432955371,-2.583442353227933,-1.4323617994355822,left,0.0,-50.0,0.0,0.0,1.0048062801361084,2.3200128078460693,0.1991480588912964,313.7539367675781,16.65609359741211,0,0
116,1,1.828973011159078,0.37535370519686245,0.19977042252790747,0.27311972234722437,0.27114862499452747,-0.08181440323571047,-0.24096656715278156,0.7866444964007383,0.33991139698862977,0.4556158381732036,-0.00046871343886559485,0.00045872157292264876,0.11446322209732807,rotate_left,0.0,0.0,0.0,5.0,1.3152064085006714,2.3200128078460693,0.5831844210624695,313.7539367675781,16.65609359741211,0,0
120,0,-1.1628799470530173,-0.6335000665058124,0.19921230199077383,-0.3938107387397628,0.059820923352319116,0.004057554830739246,0.5811219493400225,0.6317728709514338,-0.45713980050020575,-0.23277354300621664,-0.2991046167615206,-1.9690536936986132,-4.540450276234182,rotate_right,0.0,0.0,0.0,-5.0,0.9725797176361084,2.239624261856079,0.2245737612247467,308.283203125,16.449504852294922,0,0
120,1,1.8443262767411681,0.38995956210039767,0.1985620015987905,0.09139951078781927,0.0820597425629105,0.007450426441097932,-0.24157360542873352,0.7864617398864897,0.3415046252895016,0.4544168964296499,-0.07158523748765648,0.07973283222264033,4.5379687824961745e-15,forward,50.0,0.0,0.0,0.0,1.2670445442199707,2.239624261856079,0.5341647863388062,308.283203125,16.449504852294922,0,0
124,0,-1.1819612895345444,-0.6308931217989723,0.19626648869339397,-1.561797676175181e-15,-9.496406688131593e-15,0.019427015512724632,0.5377921222676958,0.5876268363619419,-0.5450642460451425,-0.26149436341402077,3.850174532747057e-14,-6.330526313460901e-15,-2.775361948653261e-29,stop,0.0,0.0,0.0,0.0,0.9207679033279419,2.148848056793213,0.16466182470321655,303.89520263671875,14.487241744995117,0,0
124,1,1.8562651990898007,0.4129140548229556,0.2049233266298904,0.1702403940365041,0.5176949088561548,0.10251544015510342,-0.24062526458895714,0.7882003751159988,0.3419347187155845,0.451575352344863,-0.06898313293112114,0.07683456474021735,4.372880931699049e-15,forward,50.0,0.0,0.0,0.0,1.228079915046692,2.148848056793213,0.46940791606903076,303.89520263671875,14.487241744995117,0,0
128,0,-1.1789776988323335,-0.6323445180169991,0.1987638409052963,0.06780403598621045,-0.030190858190353536,0.006397351798451356,0.5514881963612039,0.6098818021280581,-0.512136471739137,-0.24823615977912294,0.15095429095171853,0.3390201799308794,1.6425750073405927,left,0.0,-50.0,0.0,0.0,0.897075891494751,2.208477258682251,0.19246329367160797,306.9592590332031,12.619670867919922,0,0
128,1,1.8684548201275548,0.4357780884498638,0.20816554850670446,0.10014789530724531,0.08991416295660924,-0.08208872188794461,-0.2401630198291462,0.7890424167683171,0.34214237110457196,0.45019149963310034,0.0,0.0,0.0,forward,50.0,0.0,0.0,0.0,1.3114014863967896,2.208477258682251,0.5053263902664185,306.9592590332031,12.619670867919922,0,0
132,0,-1.1728495845558298,-0.6345912559985208,0.19582918773557675,0.19792170433442385,-0.06674636983637502,0.021708585727395924,0.568617556680952,0.6345697184031732,-0.46767032151088594,-0.23511660319468292,0.3337318491820473,0.9896085216720804,1.4655720472516802,left,0.0,-50.0,0.0,0.0,0.8772345781326294,2.1219797134399414,0.13316234946250916,297.0469665527344,11.739215850830078,0,0
132,1,1.8897826306047638,0.45492649112844424,0.21190927280484398,0.3889352290964487,0.3491914179649689,-0.008572623676692953,-0.24665084585220187,0.7840100367324845,0.35352171060257903,0.4466699258689217,-3.552713678800501e-16,-2.3684757858670006e-16,1.7361111111111112,rotate_left,0.0,0.0,0.0,5.0,1.2447453737258911,2.1219797134399414,0.38078245520591736,297.0469665527344,11.739215850830078,0,0
136,0,-1.1714755808039259,-0.6169904630035825,0.19700922338588658,-0.15217830236678262,0.5919132083605673,0.015551877986735158,0.5788361129144498,0.6231412674907791,-0.45965475563224323,-0.2556584063956011,-0.4117259826165015,0.5372803111864267,-0.26516770807499296,backward,-50.0,0.0,0.0,0.0,0.740248441696167,1.8033370971679688,0.11034321784973145,297.1823425292969,10.29561996459961,0,0
136,1,1.910223918777125,0.47361681054540833,0.19940185442634842,6.778616727287156e-16,-9.451801950571466e-15,0.003068585601658652,-0.2706106147329507,0.7635935846333917,0.39569454768972034,0.43257433769146475,4.55798396686775e-14,3.2702785855244914e-15,7.01787168423591e-30,stop,0.0,0.0,0.0,0.0,1.0630885362625122,1.8033370971679688,0.32658085227012634,297.1823425292969,10.29561996459961,0,0
140,0,-1.1763434123900893,-0.5890399951264769,0.19785459261831703,-0.010856571750318563,0.26711417197544046,0.011141255904448158,0.5818811647788843,0.5747639245638778,-0.4992989658697438,-0.28593930086104336,-0.9834632243348604,0.16184916030162766,-1.8288800042671403,forward,50.0,0.0,0.0,0.0,0.6981850862503052,1.7029832601547241,0.11916680634021759,283.7990417480469,11.403404235839844,0,0
140,1,1.9130204384350715,0.47692834022145025,0.19825214641987635,0.08095491986599487,0.09586366353480252,0.009067062157159037,-0.270306745889644,0.7640430544526617,0.39583870763660867,0.4318381544117865,-0.08487927694491894,0.07167882813976635,8.182366344078025e-15,forward,50.0,0.0,0.0,0.0,1.004798173904419,1.7029832601547241,0.3473449945449829,283.7990417480469,11.403404235839844,0,0
144,0,-1.1821760489640143,-0.5634832923188656,0.19365849112909014,-0.016261903952516157,0.21048527669449424,-0.39912517045448415,0.5874151474422542,0.5218706166236645,-0.5411033656028401,-0.2996692373159284,-1.1272985616228641,0.04195754971021565,-1.6407040358576053,left,0.0,-50.0,0.0,0.0,0.7266164422035217,1.7375478744506836,0.06477934867143631,283.8336181640625,13.990549087524414,0,0
144,1,1.9265649458584295,0.4931688806491157,0.19967422622948217,0.24097752530354788,0.29137080337447036,-0.08429953463136322,-0.29238496872553155,0.74314745948104,0.4395528188577046,0.4111401257047188,-0.14818388788354991,0.12513828834309568,3.3919499163511033,rotate_left,0.0,0.0,0.0,5.0,1.0109314918518066,1.7375478744506836,0.3291175961494446,283.8336181640625,13.990549087524414,0,0
148,0,-1.180779071523007,-0.5618097675388928,0.19545415161870278,0.09290896395677474,-0.3449658507542026,0.023665295902373443,0.5962002253617367,0.4622228884406245,-0.5867833786630119,-0.29424574628198286,-1.5171016043230527,-0.18375281225638485,-1.4455672302431364,forward,50.0,0.0,0.0,0.0,0.66797935962677,1.7038404941558838,0.0851236879825592,290.0089416503906,15.85076904296875,0,0
148,1,1.9537102814797465,0.5315299695519334,0.20740788418468747,0.4928804677610495,0.7504315637020544,0.22893193077493712,-0.3314653929750549,0.6968438446398226,0.514632743212664,0.3737545839998373,-0.1345118567305442,0.11317009594760075,2.939325901674177,forward,50.0,0.0,0.0,0.0,1.0358610153198242,1.7038404941558838,0.28737613558769226,290.0089416503906,15.85076904296875,0,0
152,0,-1.1786207566162221,-0.5792458746670526,0.1981827564574353,1.850371707708594e-17,1.3877787807814457e-17,-0.16333333333333333,0.5994454769990231,0.42133142258509887,-0.6151043852660241,-0.29118988250682276,0.0,0.0,0.0,stop,0.0,0.0,0.0,0.0,0.6152724623680115,1.6718642711639404,0.06191754341125488,291.19671630859375,16.749359130859375,0,0
152,1,1.9923084081605522,0.598932462920841,0.23044883833640392,0.5950564380657751,1.083359812010825,0.2686084420546857,-0.3578056336759532,0.658479176129616,0.5663426316306561,0.3429815253203509,-0.11824651411920026,0.09948542584722649,0.8477878118625992,rotate_right,0.0,0.0,0.0,-5.0,1.0565917491912842,1.6718642711639404,0.24448366463184357,291.19671630859375,16.749359130859375,0,0
156,0,-1.1785314511570382,-0.5816448170086334,0.198695303449101,0.015591697157129922,-0.26436424014711357,0.006754938526421866,0.5962641103204521,0.3953095956143425,-0.6315240892898546,-0.29895946047182514,-0.2854587398037021,-0.02479145305909575,-1.690568331293405,forward,50.0,0.0,0.0,0.0,0.5503019094467163,1.4011645317077637,0.08117770403623581,288.25421142578125,15.672821044921875,0,0
156,1,2.0154311336520028,0.6835601890371317,0.24575699639730766,0.38282246008476656,1.4447518840022473,0.33418148056640234,-0.3663027126930477,0.6452828197691783,0.5841857786884284,0.3288759358217731,-0.1111516361469584,0.09351622699464081,0.7969199184931963,forward,50.0,0.0,0.0,0.0,0.8508626222610474,1.4011645317077637,0.2524591088294983,288.25421142578125,15.672821044921875,0,0
160,0,-1.1783158536383225,-0.5894627085910098,0.19906248850559957,0.006468451822804073,-0.23455583050138518,0.004839190405565692,0.5961550619086134,0.3954792247027829,-0.6314330682271481,-0.2991447899236637,0.017420074696929237,0.0004804012489661955,-3.5769225702883664e-16,forward,50.0,0.0,0.0,0.0,0.5867740511894226,1.513163447380066,0.07813750952482224,274.11346435546875,14.659643173217773,0,0
160,1,2.0644244188401335,0.7856316810586159,0.2573671056963703,0.934340699270589,1.5832084857657447,0.08247870522294701,-0.3740430900998521,0.63241484933006,0.6005689555907335,0.3153730405029049,-0.10465947477763347,0.08805411723768745,0.7503733008397532,forward,50.0,0.0,0.0,0.0,0.9263893365859985,1.513163447380066,0.13577497005462646,274.11346435546875,14.659643173217773,0,0
164,0,-1.1772992564847466,-0.6068265709115819,0.19932553729509164,0.013214974813625996,-0.4712724729627919,0.0034667619386351545,0.594570655248566,0.39819355928713396,-0.629671472491753,-0.3023928934178216,0.052639280186750625,0.0014760606693220652,-1.0757604395064504e-15,forward,50.0,0.0,0.0,0.0,0.604832112789154,1.404181957244873,0.06928925216197968,274.585205078125,13.584954261779785,0,0
164,1,2.1288364676121536,0.8976301887355085,0.25473502518486174,1.0937404569927434,1.6699029399285423,-0.12310964200791263,-0.3973553471649951,0.5851168821584444,0.6486257502050132,0.28112559197545717,-0.09458217019500308,0.07957568601066173,2.2704598886835567,right,0.0,50.0,0.0,0.0,0.7993496656417847,1.404181957244873,0.1423492133617401,274.585205078125,13.584954261779785,0,0
168,0,-1.1735693624951324,-0.6630059161974502,0.1995139835960218,0.05895491777750783,-0.9887907510923523,0.002483563846935266,0.5917311372924874,0.4187831964321529,-0.6164508370519614,-0.30734876125103283,0.7764833428271505,0.05743776810287355,1.731012270284643,rotate_left,0.0,0.0,0.0,5.0,0.5484990477561951,1.3571157455444336,0.06322021782398224,271.5414123535156,14.296831130981445,0,0
168,1,2.1468381950554725,0.9006457939841153,0.22598878765195635,0.5375877426030924,0.09412266620850449,-0.6964741245455532,-0.4052333757418462,0.5663258976619283,0.665095562497034,0.26964565928090284,-6.013708050052931e-17,2.2944609175586566e-16,1.6965261702674899,right,0.0,50.0,0.0,0.0,0.8086168766021729,1.3571157455444336,0.08655860275030136,271.5414123535156,14.296831130981445,0,0
172,0,-1.169371355179519,-0.7240355722426439,0.19964898519934385,0.08682160312141401,-1.131814292970933,0.0017792076554784056,0.5831082084277266,0.45741184536867907,-0.5913226074044058,-0.31795722189169057,1.3343276006181723,0.09139140826071726,-0.13113485797447103,forward,50.0,0.0,0.0,0.0,0.6669212579727173,1.5261173248291016,0.09621429443359375,270.2745361328125,15.005784034729004,0,0
172,1,2.1902208569103245,0.9088463945990299,0.1955751556463879,0.6313045932033421,0.1263795780527042,0.02303397054051881,-0.43650902936714964,0.5287939925856969,0.6924199482638217,0.22448027960725944,-0.3170191714569811,1.5836072137535897,3.239419609321458,rotate_left,0.0,0.0,0.0,5.0,0.8591960668563843,1.5261173248291016,0.09666191041469574,270.2745361328125,15.005784034729004,0,0
176,0,-1.1660444430958987,-0.7972424196920305,0.1979926355674458,0.06069271014205845,-1.177124562666718,0.010421031822059945,0.5622067237136105,0.48006573282571796,-0.5763255332099155,-0.34829494935761074,1.6095979770774527,0.1020684065074006,-0.11172181255894412,forward,50.0,0.0,0.0,0.0,0.7924351692199707,1.7394354343414307,0.10425293445587158,258.82989501953125,14.920549392700195,0,0
176,1,2.244597124481528,0.9228429447482259,0.19682723658557333,1.0190199906252126,0.2984290663960906,0.016501374335984725,-0.4777949031017543,0.5376614989393409,0.6728696077141826,0.1728543726460173,-0.5310254767447806,2.2636978707627367,-0.4197859048765434,right,0.0,50.0,0.0,0.0,0.94700026512146,1.7394354343414307,0.12049102783203125,258.82989501953125,14.920549392700195,0,0
180,0,-1.1664895069778005,-0.8481402636124535,0.1998409633267707,-0.002992831472333798,-0.7287855659742736,0.0007775826429151783,0.5319646587154104,0.5107311312598057,-0.5549596555976742,-0.3849507684091396,2.0168140517738435,-0.004725988153729006,-0.08740925479983454,forward,50.0,0.0,0.0,0.0,0.7003057599067688,1.6318769454956055,0.08742505311965942,251.45849609375,13.611175537109375,0,0
180,1,2.334994598884273,0.9546824348694231,0.19870084556769116,1.39718537350116,0.6044437043005233,0.07041908912088772,0.5162131035955425,-0.5883053106053628,-0.6089402307307368,-0.12889021913000961,-0.7225134428316393,2.6834651366382327,-2.019659896078953,forward,50.0,0.0,0.0,0.0,0.9315712451934814,1.6318769454956055,0.14639338850975037,251.45849609375,13.611175537109375,0,0
184,0,-1.1676475954850287,-0.8887618957910384,0.20172154889745963,-0.046858097058998065,-0.6413349453693059,0.11085611798783294,-0.47044157826117444,-0.5152159255160671,0.5553747701683157,0.4525440710010993,2.11266571617819,-0.06050704024291082,-1.638625848742129,right,0.0,50.0,0.0,0.0,0.7624921202659607,1.7676401138305664,0.10617440938949585,240.67152404785156,12.318105697631836,0,0
184,1,2.442549523299938,0.9983361677918106,0.19906645884034074,1.640993514165554,0.6512450097500689,0.0048184756155564,0.5540111828318457,-0.6179234450958759,-0.5555140046520612,-0.05144332739562046,-1.045136029657557,3.22077034763614,1.6252242652543003,rotate_left,0.0,0.0,0.0,5.0,1.005147933959961,1.7676401138305664,0.27769792079925537,240.67152404785156,12.318105697631836,0,0
188,0,-1.168714637770059,-0.9498679259583095,0.197077777863103,0.0008217895880273916,-1.0364502980517847,0.015194202453441441,-0.3995615467372802,-0.5267956923679049,0.5394516795491123,0.5213719922504216,3.151207468254925,-0.055221484705071586,-1.4047947598423047,left,0.0,-50.0,0.0,0.0,0.723922610282898,1.8401901721954346,0.05462287366390228,263.3635559082031,12.113324165344238,0,0
188,1,2.563106411261399,1.0451654568411437,0.19932838161495542,1.86108202670902,0.732367641345857,0.003365675289274748,0.593037421170937,-0.5909308086329434,-0.5381617090735972,0.09741340455155682,-1.4159223579993856,3.9799459082559734,2.8831206696220844,right,0.0,50.0,0.0,0.0,1.1162676811218262,1.8401901721954346,0.4396325945854187,263.3635559082031,12.113324165344238,0,0
192,0,-1.1674921639555775,-1.0189291549809267,0.1979037045631711,0.04614739354510262,-0.8387538940076906,0.010885019670447693,-0.32046144429809065,-0.5547057994248145,0.48764258899409596,0.5931362779345016,3.679708277343574,0.06672507316746003,0.5534556277632159,rotate_left,0.0,0.0,0.0,5.0,0.6615138649940491,1.6208604574203491,0.03434322029352188,257.4951171875,12.397476196289062,0,0
192,1,2.677323581702399,1.0900507896727223,0.1995160212467453,1.6292833417862083,0.6397640590345076,0.0024729326254513406,0.5907151383053427,-0.4732968051680819,-0.5682425196728318,0.32271690137093506,-1.3613020814277073,3.7099963387114205,8.423539926386692,rotate_left,0.0,0.0,0.0,5.0,0.9593466520309448,1.6208604574203491,0.2026166021823883,257.4951171875,12.397476196289062,0,0
196,0,-1.1606670724953323,-1.0530780395536132,0.19849539263657542,0.13203759518841673,-0.3985074949522233,0.007797951461366026,-0.25747060748073275,-0.5633890612605709,0.4404866053352921,0.6498255169317575,2.0204563060859084,0.6478138070912798,-1.1105808034337301,left,0.0,-50.0,0.0,0.0,0.6444085836410522,1.5424449443817139,0.033537741750478745,237.6189727783203,14.585123062133789,0,0
196,1,2.777515535694281,1.1293517336121286,0.19965044495797762,1.4306665099116558,0.5608692378113305,0.0017715915234687019,-0.4800647273219652,0.23603742931589786,0.6145780660760463,-0.5797568371666322,-1.1687737356669763,3.1131264699484493,11.57667289101093,rotate_left,0.0,0.0,0.0,5.0,0.8980364203453064,1.5424449443817139,0.15908171236515045,237.6189727783203,14.585123062133789,0,0
200,0,-1.1498080972444285,-1.071470963089805,0.20007378460374284,0.1480562303301286,-0.32977871842953377,0.0748570453412165,-0.2523062611830549,-0.557608195946433,0.40226990470277135,0.6808770624361021,0.9281431834347594,0.8924529421083468,0.6486214023838918,right,0.0,50.0,0.0,0.0,0.6636394262313843,1.4818360805511475,0.08498013764619827,245.65457153320312,16.9679012298584,0,0
200,1,2.8604927816386456,1.1691971343866239,0.20165124933774287,1.1032079053945194,0.6869456582634418,0.0263152067022355,0.3098932767786599,0.0157973408829301,-0.5868561686763472,0.7478746140329489,-1.0101763076495307,2.5070712248814355,8.937831995983395,forward,50.0,0.0,0.0,0.0,0.8181965947151184,1.4818360805511475,0.04785462096333504,245.65457153320312,16.9679012298584,0,0
204,0,-1.1437415378923392,-1.1130026577327647,0.208115759734767,0.08436443531387522,-0.6047070771344786,-0.12715668025933574,-0.26101145963896666,-0.5534605872011616,0.36323869441267537,0.7025752964867585,0.8561282482146829,0.8232072244648072,0.598294654195998,left,0.0,-50.0,0.0,0.0,0.7163093090057373,1.5784893035888672,0.047552913427352905,225.46475219726562,17.507509231567383,0,0
204,1,2.9037921269601483,1.2006968832242433,0.19949880994266586,0.0027452857258145557,0.00156522759001427,0.002562730733912527,0.23065889666898837,0.14076968404400964,-0.5360145518735099,0.7997929542209252,-0.007826137950072283,0.013726428629071679,-7.705856671791593e-09,stop,0.0,0.0,0.0,0.0,0.8621798157691956,1.5784893035888672,0.08148299157619476,225.46475219726562,17.507509231567383,0,0
208,0,-1.134339471546149,-1.1231743894088677,0.19968814904967766,0.15279173390603418,0.07760610884179628,0.0015748745234269723,-0.272466716751007,-0.54616940444798,0.3324478295633066,0.7189849167586981,0.005714992488031312,0.7625707115722653,0.5155604451104011,left,0.0,-50.0,0.0,0.0,0.7548696398735046,1.8932822942733765,0.07911087572574615,223.6679229736328,16.701459884643555,0,0
208,1,2.8993865364156273,1.1976758348857108,0.1997205027277664,-0.07347049556916732,-0.055872058941162143,0.004133980541521781,0.30336691727606396,0.08219585914957768,-0.5504655949807936,0.7734338905061773,0.09978460141871491,-0.41693283511476387,-4.972488763151289,rotate_right,0.0,0.0,0.0,-5.0,1.138412594795227,1.8932822942733765,0.2602834403514862,223.6679229736328,16.701459884643555,0,0
212,0,-1.1231038671516804,-1.0956160807105129,0.19977375610421994,0.19626920271009068,0.5342969619831257,0.0011282290214236212,-0.2962674987085987,-0.5216001522839616,0.34505644252387396,0.7218690337028366,-1.0837827236464457,0.7006595078103288,-1.2732210234112,rotate_right,0.0,0.0,0.0,-5.0,0.7744801044464111,1.913889765739441,0.10916566848754883,234.3037872314453,16.029586791992188,0,0
212,1,2.8876426896386787,1.1979871698525204,0.19908646529452248,-0.23793721636559925,0.08446331924582202,-0.13681479448342743,0.39006056944321704,-0.00529396553020917,-0.5682412396426569,0.7245181982973062,0.18972221955920895,-0.5995478664610194,-2.3524325383734777,rotate_left,0.0,0.0,0.0,5.0,1.1394097805023193,1.913889765739441,0.31302163004875183,234.3037872314453,16.029586791992188,0,0
216,0,-1.114761959110162,-1.0478269073711903,0.19983508439542025,0.047977137842903556,0.5947846325888956,0.000808255328276497,-0.311269288200575,-0.47015327531860246,0.4091419205462806,0.7174051970692706,-2.6206222435322424,0.4618335398663236,-1.095568912950581,forward,50.0,0.0,0.0,0.0,0.810870885848999,1.8529725074768066,0.11631923168897629,229.47052001953125,14.376038551330566,0,0
216,1,2.863594285721396,1.2104387921557236,0.20026190063889046,-0.5463823065662115,0.4075512881517021,-0.03075639758557757,0.419617580889528,-0.07443302487282205,-0.5794764914676451,0.6946854010651516,-0.0493993929277491,-1.0869780603306123,-2.076416106258177,forward,50.0,0.0,0.0,0.0,1.0421013832092285,1.8529725074768066,0.19209535419940948,229.47052001953125,14.376038551330566,0,0
220,0,-1.1126136885928153,-0.9994033763057661,0.19987901955148416,0.024265327229685496,0.7598871034793413,0.0005790284269525658,-0.32180254318133444,-0.4003261835451371,0.5132216720632253,0.6875940555988234,-3.7994355173965157,0.12132663614816142,-2.5511917544192855,left,0.0,-50.0,0.0,0.0,0.7493470907211304,1.746427059173584,0.06450224667787552,220.062255859375,12.05363655090332,0,0
220,1,2.853919856795419,1.222652942440522,0.19993485496065364,-0.022724592444702374,0.16284349610548302,0.08840141822748375,0.42397195966611323,-0.09405578060557569,-0.5804790390740253,0.6887999511812175,-0.20623015422761629,-0.18527095178128083,2.6024734560454742e-14,left,0.0,-50.0,0.0,0.0,0.9970799684524536,1.746427059173584,0.26416945457458496,220.062255859375,12.05363655090332,0,0
224,0,-1.117830320212755,-0.9597667045934664,0.19991049438798647,-0.0710238902542625,0.627898144426493,0.00041481188884212594,-0.3044282844382693,-0.3311998379709489,0.6140072542245841,0.6485562263378375,-3.1394907221324995,-0.35511945127107614,-2.0966374174807334,left,0.0,-50.0,0.0,0.0,0.7165049314498901,1.6601643562316895,0.034012749791145325,215.44610595703125,12.385571479797363,0,0
224,1,2.8475939584717262,1.2454179721035554,0.19745540556377358,-0.060656881077200485,0.3335481168866302,-0.22119473063832013,0.429553134319296,-0.10919804046616886,-0.5769889350753505,0.6860347378634924,-0.19514136642867744,-0.17530911920008352,0.03988353070712569,rotate_left,0.0,0.0,0.0,5.0,0.9436596035957336,1.6601643562316895,0.10700205713510513,215.44610595703125,12.385571479797363,0,0
228,0,-1.1163441708006356,-0.911086084772288,0.19993304273927295,-0.12286250091262696,0.5533151760613684,0.0002971683168957462,-0.2805773096680977,-0.2377310225813936,0.7093587357000434,0.6013073409562314,-3.2305002911439313,0.006912515815572728,-3.3806802733509014,forward,50.0,0.0,0.0,0.0,0.7417601346969604,1.6960225105285645,0.03981909528374672,210.07273864746094,13.851962089538574,0,0
228,1,2.865039464141742,1.2516477386012947,0.20635030461930906,0.45545144972687274,0.08489038282540133,0.2530696673238663,0.43332572316201534,-0.10853806797158809,-0.5607587249884066,0.6971355376083535,-0.4952121455679529,0.3179124904610448,0.02318896288488649,left,0.0,-50.0,0.0,0.0,0.9542623162269592,1.6960225105285645,0.06967899203300476,210.07273864746094,13.851962089538574,0,0
232,0,-1.1147010244685602,-0.8669144589733064,0.20015281796033674,0.1383867864059584,0.8044208009971752,0.004168434094330695,-0.22929338125132986,-0.14872537164420987,0.7809420105424947,0.5616359010190412,-2.368326752162311,-0.3490387639131985,-2.8166570565019504,right,0.0,50.0,0.0,0.0,0.7349472045898438,1.5913262367248535,0.06291449815034866,213.36477661132812,15.360771179199219,0,0
232,1,2.9019892691060853,1.2637142317684178,0.22265187727562014,0.3886282769867836,0.27522132515511916,-0.08265409693040005,0.4367418299648497,-0.10787214086525897,-0.5451634579781954,0.7074015686082102,-0.4696832047024745,0.30152361704181785,0.02199353650546864,right,0.0,50.0,0.0,0.0,0.8563789129257202,1.5913262367248535,0.13498595356941223,213.36477661132812,15.360771179199219,0,0
236,0,-1.124464754973958,-0.8218575792181854,0.19873911908268418,-0.07040996257879999,0.6843266490777464,0.006526335220857604,-0.18158980012518128,-0.07104240733203071,0.833665700674935,0.5167007067627607,-2.393536864455856,-0.3892944390195397,-2.404952794281202,backward,-50.0,0.0,0.0,0.0,0.7033082842826843,1.5850814580917358,0.04335521534085274,223.25277709960938,16.840234756469727,0,0
236,1,2.9500727071508734,1.282871988214745,0.22986299667242316,0.9182559842814425,0.2976886071177347,0.21894936017841254,0.4398381743974361,-0.10720415662392693,-0.5301809329441369,0.7169085210037386,-0.4459152508947031,0.28626524857121893,0.02088057067126844,left,0.0,-50.0,0.0,0.0,0.8817732334136963,1.5850814580917358,0.1321534365415573,223.25277709960938,16.840234756469727,0,0
240,0,-1.1039779150083358,-0.7825003869276357,0.19909387771703613,3.1710723049731176e-15,-5.985819080049419e-15,0.004675420606766512,-0.1581077904178576,-0.01240280603917482,0.8675130977522766,0.47145426314732436,2.833955206866035e-14,1.501193036932976e-14,2.0370452506454532e-29,stop,0.0,0.0,0.0,0.0,0.7710820436477661,1.6553964614868164,0.05575272813439369,211.65045166015625,15.976308822631836,0,0
240,1,3.0029066774152247,1.3158950359834831,0.23049303870878882,0.8472746866323175,0.4931188975319467,-0.11812852906567108,0.44264720840258653,-0.10653734368759148,-0.5157886869659759,0.7257239652177015,-0.42374390392496764,0.2720318574981048,0.019842368061355704,left,0.0,-50.0,0.0,0.0,0.8843145370483398,1.6553964614868164,0.1513722538948059,211.65045166015625,15.976308822631836,0,0
244,0,-1.0979708863153272,-0.7745262441547413,0.1977214584169494,0.026095732758404634,0.12414766087850856,0.011835869128950294,-0.15862593699029276,-0.011717680175189113,0.8686770990027445,0.4691488098177802,-0.3196245369553984,0.0671848059028708,1.0210654832131452e-14,forward,50.0,0.0,0.0,0.0,0.806939959526062,1.7758328914642334,0.09374363720417023,202.14512634277344,12.94900131225586,0,0
244,1,3.0622586707888573,1.3406819764540983,0.19347789337455917,0.784824354835991,0.46816003855825794,-0.7447507440518278,0.44519768220447137,-0.10587437019583318,-0.501964293190175,0.7339083661176579,-0.4030245345454922,0.2587305958486013,0.01887215622015,forward,50.0,0.0,0.0,0.0,0.9688929915428162,1.7758328914642334,0.11828324943780899,202.14512634277344,12.94900131225586,0,0
248,0,-1.1008541856288083,-0.7652429619701459,0.19937930770825324,-0.20446734404434072,0.2229451835434285,0.06934762898858639,-0.16464668606512695,-0.006210193870804162,0.8743199265317103,0.45652773007720254,-0.43353688302818044,0.12074015132938633,-2.861621190511495e-14,right,0.0,50.0,0.0,0.0,0.84746253490448,1.7113211154937744,0.11988192051649094,204.49427795410156,11.255289077758789,0,0
248,1,3.11470535762833,1.36841906860519,0.1983180086151002,0.9754347344774794,0.4273426040771853,0.14233758936102514,0.5310838620773849,-0.13428796526939082,-0.44650287481929263,0.7074968951188997,-0.9128249479680672,1.2871764526906293,-3.11381268741204,left,0.0,-50.0,0.0,0.0,0.8638585805892944,1.7113211154937744,0.1084020733833313,204.49427795410156,11.255289077758789,0,0
252,0,-1.0733442587461361,-0.7456759277410469,0.19955250434146884,0.7628328986988825,0.3398064296822181,0.002282586044625473,-0.1812236986113036,0.006652611656113996,0.8828866661350016,0.4331568406256729,-0.919033473614721,0.9791387186872772,-2.1836034093050746e-13,backward,-50.0,0.0,0.0,0.0,0.7922602295875549,1.7008336782455444,0.10685884952545166,193.7914581298828,10.785219192504883,0,0
252,1,3.1378112555490025,1.3796799882733284,0.2018130638826723,0.35863625807429245,0.009081148241282973,0.09905630163557447,0.5521711654178184,-0.1419705340257618,-0.4323116123937638,0.6986115095953347,2.3048269490514087e-15,7.671114584807517e-15,1.930263417309568e-30,left,0.0,-50.0,0.0,0.0,0.9085733294487,1.7008336782455444,0.10498695075511932,193.7914581298828,10.785219192504883,0,0
256,0,-1.0374482992856129,-0.7313373160089142,0.1996765811901969,0.3479415960598607,0.10818943403894744,0.0016352285728925761,-0.22360690600986768,0.03293974061583826,0.8857648794131056,0.4053831563732539,-0.8088753771108833,1.7060793250317516,1.715390956847462e-13,forward,50.0,0.0,0.0,0.0,0.7050991058349609,1.4401769638061523,0.04813012853264809,188.39651489257812,11.865641593933105,0,0
256,1,3.1878254100737933,1.3726479572795203,0.20653984240930834,0.9630831775096989,-0.22265490089922463,-0.0027874216255488055,0.5521711654178186,-0.14197053402576157,-0.43231161239376353,0.6986115095953346,2.228954404512665e-15,7.418589342842102e-15,1.874385769856413e-30,left,0.0,-50.0,0.0,0.0,0.735077977180481,1.4401769638061523,0.1293008178472519,188.39651489257812,11.865641593933105,0,0
260,0,-1.0017233972315933,-0.7286362054946998,0.1997654689711244,0.6536333842067883,0.03625915995968064,0.0011714662376123841,-0.2987131752382827,0.03999722034481149,0.8727965646259453,0.38392293247590664,-0.16308117378156303,2.4791947929778284,1.6613899602496902,backward,-50.0,0.0,0.0,0.0,0.6026753187179565,1.3241554498672485,0.06677886843681335,218.83642578125,14.252379417419434,0,0
260,1,3.237619324985982,1.386501253927521,0.19688790597855507,0.6696630145570833,0.25116078822042515,0.016184838372622745,0.563886478531792,-0.14580521813514172,-0.42626800649447283,0.6921477185780553,-0.21746736681535186,0.5798271834596712,0.02370629979696482,rotate_left,0.0,0.0,0.0,5.0,0.721480131149292,1.3241554498672485,0.109580859541893,218.83642578125,14.252379417419434,0,0
264,0,-0.9948457535666564,-0.7318224068074594,0.19982914755161135,0.10312675496672696,-0.10627837886951247,0.0008392301655011647,-0.30391365238722684,0.05518266266881158,0.8658948275592501,0.39346856702864147,0.5290680350449428,0.5152027050947244,-1.7308567572117401,rotate_right,0.0,0.0,0.0,-5.0,0.6112232804298401,1.342266321182251,0.1101437658071518,214.15771484375,15.59569263458252,0,0
264,1,3.2511574060841726,1.3832698575822069,0.1977676816817791,0.08033044847353833,-0.20912144166764524,0.011594704268987538,0.5476651895368357,-0.12537853261946005,-0.4280002384875061,0.7079257443986697,0.4547159567199404,0.17467140834580386,1.7310343718965087,rotate_left,0.0,0.0,0.0,5.0,0.7310431003570557,1.342266321182251,0.1527533382177353,214.15771484375,15.59569263458252,0,0
268,0,-0.960107036053439,-0.7341586288913772,0.19987476643837454,0.6402038068026455,-0.015925481469446917,0.0006012185824151306,-0.31663204670165757,0.1283212555471048,0.8406013165303943,0.4203180093972919,0.2690566575279608,1.7759213678887005,-3.2614006379408296,rotate_right,0.0,0.0,0.0,-5.0,0.6051293611526489,1.293889045715332,0.09352289140224457,189.0803680419922,15.170790672302246,0,0
268,1,3.252149912172834,1.3751674532601368,0.19907312296954188,-0.03783547502516227,0.05821702219324123,0.004783706245864831,0.4703797474751206,-0.06680387265972253,-0.45729543100085657,0.7517719232244885,0.7266647971590724,-0.1565780059270097,3.0490849172269336,forward,50.0,0.0,0.0,0.0,0.688759446144104,1.293889045715332,0.11430203914642334,189.0803680419922,15.170790672302246,0,0
272,0,-0.9304262078359454,-0.7343017753770087,0.1999074474876958,7.209874380510472e-15,-1.0280781616863294e-14,0.0004307087598492687,-0.327053604707361,0.18584751865773103,0.8189623855729559,0.43335580124574186,5.1139705905423e-14,3.5864311367336455e-14,2.001567033980562e-29,stop,0.0,0.0,0.0,0.0,0.5778613090515137,1.2959942817687988,0.058375000953674316,197.5324249267578,13.857500076293945,0,0
272,1,3.24047764578999,1.3904250116369588,0.1993331557501954,-0.16820113510129892,0.1908366431412328,0.003427013477283386,0.4324694720784903,-0.04333088566846165,-0.46840573723954526,0.7692130104128613,-0.06279377866203557,-0.05534568557901835,3.2695457820434117e-15,forward,50.0,0.0,0.0,0.0,0.7181328535079956,1.2959942817687988,0.07477282732725143,197.5324249267578,13.857500076293945,0,0
276,0,-0.9033911291045477,-0.7222590457786211,0.19993085996135446,0.6442537765372982,0.2761000163262495,0.0003085567233565567,-0.3411487885745946,0.19386801861561917,0.8136385637642815,0.4289813317240481,-0.18805052417722792,0.8159510289748673,-1.479286808216326e-14,backward,-50.0,0.0,0.0,0.0,0.6934983134269714,1.403208613395691,0.05834822729229927,187.7504119873047,13.132421493530273,0,0
276,1,3.2023833196615707,1.4296529013021482,0.19951944140362377,-0.7919049441873426,0.658898146336685,0.002455088328937871,0.42786099512888,-0.054156655563098184,-0.46517321590177313,0.7730562105779546,-0.5359213700014938,-0.5732462870078454,2.8200567373467378e-14,right,0.0,50.0,0.0,0.0,0.7097102403640747,1.403208613395691,0.052876897156238556,187.7504119873047,13.132421493530273,0,0
280,0,-0.838721919396928,-0.6989120522112602,0.19994763249266004,1.0502231786503184,0.3645655966236576,0.00022104786422411093,-0.3713541631865538,0.23076129983461172,0.7989533479829948,0.41293928818825015,-0.5383521870406086,1.7631921146927547,-1.731007410679982,rotate_right,0.0,0.0,0.0,-5.0,0.6851244568824768,1.4286481142044067,0.037229910492897034,186.6817626953125,12.392840385437012,0,0
280,1,3.1711231107357003,1.4569171830280463,0.19965289513428597,-0.18156714103017874,0.1832934587053943,0.001758807995056788,0.39890946088464174,-0.05605722950042488,-0.4628095093812844,0.7896430757397396,-0.0733924456699841,-0.07270121163963136,1.1613411746210733e-14,forward,50.0,0.0,0.0,0.0,0.7435235977172852,1.4286481142044067,0.06652666628360748,186.6817626953125,12.392840385437012,0,0
284,0,-0.7555773795236993,-0.6734080207259193,0.1999596482160087,1.3872295850844132,0.4147654699425726,0.00015835713399103835,-0.4220861620196751,0.2800402950747114,0.7747380481475211,0.3784199541759637,-0.7983214255250067,2.671017017604482,0.09545291981722281,backward,-50.0,0.0,0.0,0.0,0.6810740232467651,1.3673515319824219,0.07756154239177704,190.3662109375,12.451964378356934,0,0
284,1,3.1485130398389867,1.4797422276380874,0.19974850044742132,-0.5107925372905965,0.5156490880432372,0.0012599976656469947,0.39274485064942954,-0.07007311807541683,-0.45806097247007893,0.7943685453939574,-0.5000236298080826,-0.4953142337189267,5.886537152845938e-12,forward,50.0,0.0,0.0,0.0,0.6862775683403015,1.3673515319824219,0.03467979654669762,190.3662109375,12.451964378356934,0,0
288,0,-0.6469256789336064,-0.6293868793749636,0.1958774607664008,1.6451668159641073,0.6628941500652316,-0.33265807728609975,-0.4811097618755338,0.32063650208806915,0.7457791418843766,0.33096691992855987,-0.7657452767574097,2.5004833639378097,0.07987392405272951,backward,-50.0,0.0,0.0,0.0,0.5924189686775208,1.2803062200546265,0.0291680209338665,201.7880859375,14.448995590209961,0,0
288,1,3.117956359182706,1.521772699341601,0.19803646969433264,-0.3032687088063673,0.5158956588760959,0.010192332029569928,0.39330693703395603,-0.10101797904334685,-0.44707288601145406,0.7970137111645916,-0.9251835583089048,-0.7219869747936103,-1.7254480041449842,rotate_right,0.0,0.0,0.0,-5.0,0.6878872513771057,1.2803062200546265,0.06112730875611305,201.7880859375,14.448995590209961,0,0
292,0,-0.5310263765495611,-0.5709641727138036,0.19704380584532497,1.7595460898257806,0.9506860845964812,0.013911374246181815,0.5379225970564975,-0.3635878522404843,-0.7090983020012696,-0.27499591156608344,-1.0499199668770054,2.8548287491070456,0.05070729114835636,right,0.0,50.0,0.0,0.0,0.6329056024551392,1.3679425716400146,0.03551279380917549,195.99485778808594,15.679178237915039,0,0
292,1,3.1043175077248897,1.5463223221861258,0.19859050464187508,-0.29832426484539043,0.44599307192483184,0.007301714911997714,0.3545058525851089,-0.1219126089258685,-0.4250606028796425,0.823884943512981,-1.3851606092641733,-0.6678481639934666,1.7194906034576907,forward,50.0,0.0,0.0,0.0,0.7350370287895203,1.3679425716400146,0.14629897475242615,195.99485778808594,15.679178237915039,0,0
296,0,-0.42964925428355794,-0.5214759790690264,0.1978793672487951,1.5596174364114994,0.766361040412991,0.011011996962528997,0.5985861734899741,-0.403930080328643,-0.6640021166537835,-0.19400070152353008,-1.4231078638954582,3.4197155184474033,1.7519806342280653,rotate_left,0.0,0.0,0.0,5.0,0.6904600858688354,1.4331772327423096,0.04547691345214844,182.14649963378906,16.376840591430664,0,0
296,1,3.0868666820456077,1.5731595041313289,0.1989874113778856,-0.24090441708348817,0.37653652647303454,0.005230897158860298,0.1731664175570066,-0.0847264634177549,-0.40786010861401095,0.8924600551445198,-1.685441813303573,-1.041832722359191,7.77896631157166,rotate_left,0.0,0.0,0.0,5.0,0.7427172064781189,1.4331772327423096,0.06624404340982437,182.14649963378906,16.376840591430664,0,0
300,0,-0.39544385639041396,-0.5011449682253362,0.19847795755588973,0.36094647428483906,0.31853207493019586,0.007888917099657666,0.6194148840689419,-0.4014176903548102,-0.657387619322481,-0.1517582196310632,-0.38846755530776156,0.4401942708379139,-8.507183916021256e-14,right,0.0,50.0,0.0,0.0,0.7175375819206238,1.4776946306228638,0.0465213879942894,182.8653106689453,16.466045379638672,0,0
300,1,3.071600665834032,1.5941298956786265,0.19927175256934118,-0.4864357576070368,0.2983524264422239,0.0037473778991480855,-0.0824770715864795,-0.013207495188855434,-0.37506109888548517,0.9232292601711491,-1.391649125410848,-1.0999079829960399,6.968490383544964,forward,50.0,0.0,0.0,0.0,0.7601571083068848,1.4776946306228638,0.07604318112134933,182.8653106689453,16.466045379638672,0,0
304,0,-0.37191267555166785,-0.4814306117217693,0.19890678343781845,0.4268433268849179,0.31358324354453315,0.005651564672259968,0.6283262786047228,-0.42122214679643816,-0.642349104544017,-0.12314876594769414,-1.093394126075421,1.3698674963896398,1.655560464081456e-13,backward,-50.0,0.0,0.0,0.0,0.7687153816223145,1.5009424686431885,0.0993463397026062,172.585693359375,14.81790828704834,0,0
304,1,3.008316472046607,1.6053457035439527,0.19947545259713703,-1.148738770865472,0.05336630641706467,0.002684595145325236,-0.30365748758447014,0.028245867603530355,-0.3289152268619208,0.8937611955861489,-0.9725341833901086,-1.652796064360121,6.881373317482352,forward,50.0,0.0,0.0,0.0,0.7322270274162292,1.5009424686431885,0.056895662099123,172.585693359375,14.81790828704834,0,0
308,0,-0.3905136869238149,-0.4978770852281339,0.19921399128069622,-0.5578508480492335,-0.49305902604036195,0.004048741144137197,0.6279051755792673,-0.4200296200646046,-0.6432103292099282,-0.12486264912618712,0.1091369757383076,-0.11974120215376696,6.814484695699612e-15,left,0.0,-50.0,0.0,0.0,0.7029865384101868,1.4113399982452393,0.060097672045230865,185.76324462890625,14.628178596496582,0,0
308,1,2.9830361477814074,1.6010704588690001,0.19962138186300402,0.008812990412723942,0.0076549657907421164,0.0019232250625868669,-0.3563456788251656,0.0319430332608061,-0.3170733582526212,0.8783290302017439,0.06721306376487134,-0.07738089271217884,-1.3291841659656922e-14,backward,-50.0,0.0,0.0,0.0,0.7083534002304077,1.4113399982452393,0.07604869455099106,185.76324462890625,14.628178596496582,0,0
312,0,-0.4080290490085573,-0.5121586981633843,0.1983574977792754,-0.36407268693888584,-0.32169323582922643,0.008517402890744666,0.6265437136932339,-0.4166079053281063,-0.6457778676659938,-0.1298143816469531,0.23671974266662754,-0.2679048956126333,-3.499663480338707e-14,left,0.0,-50.0,0.0,0.0,0.6119664907455444,1.2938740253448486,0.053974445909261703,175.9217071533203,15.313630104064941,0,0
312,1,2.967497561756557,1.5875719752967734,0.19972592456172786,-0.3622058628748757,-0.3147119275880897,0.0013777848953209493,-0.3721514845564177,0.025456575553458243,-0.3204236701965233,0.8707375648732144,0.46802905922566373,-0.5402575005895375,1.7310015506888732,rotate_left,0.0,0.0,0.0,5.0,0.6819074749946594,1.2938740253448486,0.0679113045334816,175.9217071533203,15.313630104064941,0,0
316,0,-0.43603821679789095,-0.537075971660099,0.19882048690188903,-0.49362417356823646,-0.44618896151482423,0.0061018074684379,0.6245526148678093,-0.384474148951636,-0.6670078834370948,-0.13120268092712098,0.6667598471808734,-0.7535466730480209,1.6858714096241214,left,0.0,-50.0,0.0,0.0,0.7048636674880981,1.430694818496704,0.05033263936638832,176.5194549560547,15.761027336120605,0,0
316,1,2.9270883040866034,1.5511993053442485,0.19980081821511356,-0.6687087680156869,-0.6084872742319973,0.000987035399417191,-0.40559389291266035,-0.004462820635519898,-0.33193382686830597,0.8516417156554099,1.048816058783062,-1.1791475512400649,1.6517766331841683,rotate_left,0.0,0.0,0.0,5.0,0.7258310914039612,1.430694818496704,0.11542494595050812,176.5194549560547,15.761027336120605,0,0
320,0,-0.4591341338540923,-0.5532244455670675,0.19842377318957985,-0.4025863060847552,-0.33970091991511203,0.008171618141365633,0.6212810329485928,-0.31098322359384833,-0.711257583841451,-0.10682678582419954,0.7342718102433223,-1.1137787808109973,3.1651086139239837,left,0.0,-50.0,0.0,0.0,0.7041600346565247,1.4151201248168945,0.059618040919303894,190.444091796875,16.978269577026367,0,0
320,1,2.8635893396360554,1.4897044546866947,0.19985447150114666,-1.0653900920866481,-1.0731619585754864,0.0007071052113643006,-0.487419044999989,-0.0424243472577298,-0.35066002893556303,0.7985364070835872,1.671332107267999,-1.7888611979696831,3.089707295700435,forward,50.0,0.0,0.0,0.0,0.7109599709510803,1.4151201248168945,0.07411506772041321,190.444091796875,16.978269577026367,0,0
324,0,-0.46547620114147015,-0.5481351404784048,0.19886796613925153,-0.09758753802013977,0.046586247914131663,0.0058540897082428045,0.6105827199972061,-0.23230403597281507,-0.7545309366016801,-0.06250314090144476,0.0015594048835433777,-0.6642002263043508,2.7221334019803862,left,0.0,-50.0,0.0,0.0,0.6839068531990051,1.457119107246399,0.04076284542679787,174.6034698486328,16.659564971923828,0,0
324,1,2.8049340872100377,1.4114770470007594,0.19989290833754267,-0.8893160844001823,-1.3880206646844917,0.0005065651954719308,0.6148889537479102,0.07793452270004375,0.37385751434740866,-0.6899770602681614,2.4146847865536265,-2.0806673353768232,3.972013927701899,forward,50.0,0.0,0.0,0.0,0.773212194442749,1.457119107246399,0.08159933984279633,174.6034698486328,16.659564971923828,0,0
328,0,-0.47416426234244075,-0.5632704557296779,0.1991861828412773,-0.206605463029167,-0.4783407743673022,0.004193828654181719,0.6073086445645899,-0.21270845278584588,-0.763559966108334,-0.05392126210700333,0.250661302116214,-0.1082658998821223,2.09544485521551e-14,left,0.0,-50.0,0.0,0.0,0.6647300720214844,1.4226322174072266,0.06407777965068817,164.6345672607422,15.948264122009277,0,0
328,1,2.7935638855699034,1.3896127588473608,0.19992044421654007,0.20895239424160966,0.02480344182886836,0.0003628997397786271,0.6476488142116642,0.07893513475968633,0.38432291210000485,-0.6531586003304767,-0.06192167686205001,0.5216486778349447,1.7310078043285437,rotate_left,0.0,0.0,0.0,5.0,0.7579022645950317,1.4226322174072266,0.07221536338329315,164.6345672607422,15.948264122009277,0,0
332,0,-0.48230055212891243,-0.5830586344593425,0.19941415104636445,-0.1931932720817285,-0.4852295403583546,0.0030044293233607855,0.6072162711355977,-0.19719022907197706,-0.7679720622526917,-0.05121840710203369,0.27634634128104174,-0.11020851267531655,5.09494304577219e-15,left,0.0,-50.0,0.0,0.0,0.7525792121887207,1.5522305965423584,0.0722162202000618,185.9664764404297,16.957181930541992,0,0
332,1,2.8091233147628016,1.372198595428984,0.1999401707264026,0.3212513865882808,-0.2626380392693546,0.00025997881882394713,0.6605982589749541,0.06297541989437137,0.41948241026039895,-0.6194179075636362,0.9616110290510707,1.0259771039504528,-0.18814312441424602,rotate_right,0.0,0.0,0.0,-5.0,0.7996513247489929,1.5522305965423584,0.06922773271799088,185.9664764404297,16.957181930541992,0,0
336,0,-0.4905157536908007,-0.5971970656394266,0.20094758589697626,-0.15308880950129403,-0.19057452582683265,-0.01747780885642293,0.6068424221819835,-0.1950576019053661,-0.76861483966325,-0.05409283528035521,-1.2596805986216896e-14,-5.506539464104707e-15,-7.278134364142021e-30,left,0.0,-50.0,0.0,0.0,0.6982973217964172,1.4661859273910522,0.07205294817686081,175.41073608398438,17.175216674804688,0,0
336,1,2.8320737605735937,1.3378601890991921,0.19995430265919367,0.4253417037873063,-0.4973903945076848,0.00018624699563346558,0.6430877885575594,0.07029025436119249,0.4827112272318177,-0.5903280845888488,1.9695486832133053,1.4766802868663993,1.5901812577861711,rotate_left,0.0,0.0,0.0,5.0,0.7678887248039246,1.4661859273910522,0.05850820615887642,175.41073608398438,17.175216674804688,0,0
340,0,-0.5162433768545773,-0.6496992021794558,0.1989451038772006,-0.5203214790525377,-1.1330875706971497,0.005451631945077348,0.6048708272159038,-0.18843035270507588,-0.7711297719056193,-0.06312019837877879,0.5494271733996705,-0.26713334905837094,-2.0162682453798713e-14,left,0.0,-50.0,0.0,0.0,0.698276937007904,1.5795838832855225,0.06971769034862518,164.53195190429688,17.28131866455078,0,0
340,1,2.8594203686427146,1.3067353509835757,0.19996442667635683,0.48990387059195456,-0.49384762230135515,0.00013342603638288875,0.6340519847972018,0.055054487516879885,0.5624783969503735,-0.527792702623976,2.2003244046459507,2.2083076557709513,1.354798685076897,forward,50.0,0.0,0.0,0.0,0.8813068866729736,1.5795838832855225,0.17341670393943787,164.53195190429688,17.28131866455078,0,0
344,0,-0.5614575380591857,-0.7527883945141265,0.19924144377369107,-0.7442731694996142,-1.7351079949411727,0.0039055107459180505,0.6012402555086697,-0.14717755992464923,-0.7821137470511677,-0.0717426489898334,1.1193349004419906,-0.5127594295831883,1.6827323865806982,left,0.0,-50.0,0.0,0.0,0.7182733416557312,1.5403642654418945,0.05916909873485565,164.24685668945312,18.01868438720703,0,0
344,1,2.878932383764507,1.2902134866982133,0.19997167945097696,-0.04991697822769435,-0.11991755961373748,9.558547316707022e-05,0.618519034229638,0.046309183782191246,0.6099597992923494,-0.4931923631204156,0.4322543133876567,-0.17989027190890278,-1.5804539773549806e-14,forward,50.0,0.0,0.0,0.0,0.8220909833908081,1.5403642654418945,0.07923392951488495,164.24685668945312,18.01868438720703,0,0
348,0,-0.6089219092739115,-0.870971352945466,0.20117652059765673,-0.7097397741323257,-1.734325528643695,0.10616474090451446,0.594041273292679,-0.03078750562168589,-0.8021684636929305,-0.051892687143094834,1.7663792374988785,-0.7409344090634816,2.9773591598190823,forward,50.0,0.0,0.0,0.0,0.8040065765380859,1.6291007995605469,0.06992573291063309,171.22882080078125,17.349102020263672,0,0
348,1,2.8825317598724873,1.2829104457895295,0.19997687528765598,0.03387666511840653,-0.1210062054964663,6.847676004975364e-05,0.6161770785069532,0.05770753683970739,0.6209402081330482,-0.4810705832185302,0.439899808494111,0.2935014023752587,-2.1871099969350428e-14,left,0.0,-50.0,0.0,0.0,0.8250941634178162,1.6291007995605469,0.1213001161813736,171.22882080078125,17.349102020263672,0,0
352,0,-0.6526093208649074,-0.9919024148435414,0.19702532139570875,-0.5660957706157816,-1.91815748793879,0.014402428797802251,0.5753917379047047,0.08930410822920486,-0.8118887393510494,-0.04225871648966892,2.2121049658243734,-0.8507889378565613,2.4333381106132244,left,0.0,-50.0,0.0,0.0,0.809402585029602,1.6479175090789795,0.04637349024415016,158.19581604003906,16.63297462463379,0,0
352,1,2.876293181435389,1.2606344752419523,0.19998059754847466,-0.24226237296853217,-0.45955016545895155,4.9056268828513716e-05,0.6023118921273233,0.10315526614915836,0.6355749666245566,-0.4718303057963676,1.4184833213254413,-0.2341575447897586,-1.682143512169594,left,0.0,-50.0,0.0,0.0,0.838515043258667,1.6479175090789795,0.08083847165107727,158.19581604003906,16.63297462463379,0,0
356,0,-0.6753710874316048,-1.0980674805606625,0.19786612511921786,-0.23055113993933135,-1.3992574081103666,0.011081086334436052,0.5372470513758295,0.18426440233891606,-0.8174392087750709,-0.09594464954256013,3.487489416319314,-0.9459547433999359,0.36933870086833026,backward,-50.0,0.0,0.0,0.0,0.8552347421646118,1.7748655080795288,0.11082126200199127,168.46514892578125,15.844322204589844,0,0
356,1,2.845060109622258,1.2180673239764426,0.19998326414992207,-0.6275241628758703,-0.7941236943612535,3.5143565700279655e-05,0.6079947247028782,0.1408541804673269,0.6497375598700095,-0.43398573464172197,1.814776903519542,-0.7988177051907491,0.0725132806828298,forward,50.0,0.0,0.0,0.0,0.9196308851242065,1.7748655080795288,0.08666665852069855,168.46514892578125,15.844322204589844,0,0
360,0,-0.6761555822166179,-1.1616123006030556,0.19846847098748566,0.0984987203759179,-0.7041080503235534,0.007938412239179515,-0.49916798775989774,-0.26166873620688136,0.8026762187066745,0.19511965664787112,3.6939503058359864,0.2109486118853955,0.26249772838060365,backward,-50.0,0.0,0.0,0.0,0.8207804560661316,1.6821860074996948,0.07991611212491989,168.66542053222656,15.344217300415039,0,0
360,1,2.8021025432482753,1.1664517392575338,0.1995430405197047,-0.7096890300069346,-0.822454932133679,-0.1420584214466929,0.6462758425484153,0.14305769399650145,0.6655842681757587,-0.3447602260755715,1.7333589486464476,-0.8435166124938899,3.3765029659313326,rotate_left,0.0,0.0,0.0,5.0,0.8614054322242737,1.6821860074996948,0.06715226173400879,168.66542053222656,15.344217300415039,0,0
364,0,-0.6659069940806636,-1.1803584648350065,0.19918587655165323,-2.652549143450381e-15,-1.602590935392661e-15,0.004195426687026077,-0.4930707832578792,-0.29765088889801444,0.7773039917237251,0.2531474974911789,7.628903942952012e-15,-1.2628480111081738e-14,9.114938420218185e-30,stop,0.0,0.0,0.0,0.0,0.7354492545127869,1.5967323780059814,0.0931243747472763,156.01316833496094,15.319104194641113,0,0
364,1,2.7475263682091007,1.1006621654691453,0.1996698013749105,-0.7712231249192203,-0.9716618536750261,0.001670601522236581,0.7026725913214358,0.11817289143061221,0.6715270382007931,-0.20331707774266738,2.4810486578095934,-1.71040118635989,4.427053456491757,forward,50.0,0.0,0.0,0.0,0.8612830638885498,1.5967323780059814,0.09441902488470078,156.01316833496094,15.319104194641113,0,0
368,0,-0.6588117261235888,-1.1816258512459423,0.1994139316226336,0.20934991383844592,0.19586081465664706,0.003005574142796119,-0.4872139829471049,-0.2665377520595943,0.7816967397577906,0.2837787317609927,-0.13722217159223907,0.5727315157537712,-1.6310024976343593,backward,-50.0,0.0,0.0,0.0,0.7269635796546936,1.5950381755828857,0.073923759162426,162.8848876953125,17.343564987182617,0,0
368,1,2.6987947891520485,1.027009747374199,0.1997606119591852,-0.7900159786769703,-1.3840797220368213,0.00119680716948653,0.7534025075630757,0.11450032612055522,0.646512727087477,-0.03599486949371766,3.0981335670486985,-2.1400358743702617,3.525546918103968,left,0.0,-50.0,0.0,0.0,0.8680747151374817,1.5950381755828857,0.11576288938522339,162.8848876953125,17.343564987182617,0,0
372,0,-0.63571308327716,-1.154843723773219,0.1995773086699767,0.49773782892330254,0.6130075847654237,0.002153172156708294,-0.4859102587151618,-0.161295656592265,0.7973315268600913,0.31958937390781644,-1.2907528890246935,1.2478927904625667,-2.9423030327270663,backward,-50.0,0.0,0.0,0.0,0.62254798412323,1.3242851495742798,0.0683727040886879,157.67745971679688,18.90245819091797,0,0
372,1,2.646849108729215,0.9151666134857392,0.1998256680224539,-0.7187940192305214,-1.6160307985286224,0.0008573842307866564,0.7779229607748532,0.12529780971821722,0.6011236142685344,0.13336688624931536,3.5906791029580587,-2.104688147771302,4.569456902742962,rotate_left,0.0,0.0,0.0,5.0,0.7017372250556946,1.3242851495742798,0.07854711264371872,157.67745971679688,18.90245819091797,0,0
376,0,-0.6037162491933855,-1.0942881516361473,0.19700492588069313,0.5118610962334174,0.96496336001844,-0.2931957539875717,-0.4912242613376593,-0.057967323014949286,0.8014766248041009,0.3361156563273691,-1.116867472872411,1.0797813269685923,-2.545926939640451,backward,-50.0,0.0,0.0,0.0,0.6772562265396118,1.4429891109466553,0.0751262977719307,165.4033203125,19.62232208251953,0,0
376,1,2.6348636700180883,0.8885690374299018,0.19878840286220786,0.05022994016807217,0.0823732388454046,0.00626920245804885,0.7826285631246074,0.13760357188454184,0.5868101341855623,0.15560094987901138,-0.4118661942272131,0.2511497008404863,-1.6738835969778376,forward,50.0,0.0,0.0,0.0,0.7657328844070435,1.4429891109466553,0.07467319071292877,165.4033203125,19.62232208251953,0,0
380,0,-0.5759351047064654,-1.0303834979221738,0.19856924765644585,0.399446898396604,0.9491672704737206,0.007412620922896712,-0.49589748931477695,0.041900539930383,0.8003489034437761,0.33432268484383215,-1.60975716576809,1.1145168848843874,-2.2051654188208385,right,0.0,50.0,0.0,0.0,0.7096691131591797,1.4363787174224854,0.04724804684519768,148.06680297851562,18.044797897338867,0,0
380,1,2.6466234416392083,0.9062556536179107,0.19912918426972945,0.24972743327007585,0.3629079141197754,0.004491212505801145,0.777609372078531,0.13707653155290359,0.6077241145049739,0.08488279921281969,-1.8145395705988197,1.2486371663505023,-1.4621443478606353,forward,50.0,0.0,0.0,0.0,0.7267094254493713,1.4363787174224854,0.08504434674978256,148.06680297851562,18.044797897338867,0,0
384,0,-0.5417505039570099,-0.9506742505175759,0.20026802568269622,0.459116126751919,1.2274424877710546,0.08306090901567287,0.5124357200115871,-0.10221770798874856,-0.7982741083576534,-0.2995323370781976,-1.6828327953080626,1.0783634954011176,-0.30424277547697176,forward,50.0,0.0,0.0,0.0,0.6248550415039062,1.4543931484222412,0.05121293663978577,145.51170349121094,18.620197296142578,0,0
384,1,2.6621755255206647,0.9242836520011753,0.1993733176709764,8.712910292554364e-05,0.00010839744744081263,0.0032174730209885982,0.7616244091464164,0.11965805068175685,0.6365175542439402,0.021345103389930817,-0.0005419872372029631,0.0004356455146273266,-1.6450543060788246e-17,stop,0.0,0.0,0.0,0.0,0.8295382261276245,1.4543931484222412,0.17049719393253326,145.51170349121094,18.620197296142578,0,0
388,0,-0.5220001126284949,-0.8931525169878443,0.1989701002001845,-6.052549234783411e-15,5.6869794477216996e-15,0.005321216346863222,0.5223075638620495,-0.14988805367155847,-0.7940595770699939,-0.2723926727400453,-2.672802614524207e-14,-2.844503929526711e-14,-1.3989257027060938e-29,stop,0.0,0.0,0.0,0.0,0.6137546896934509,1.3033335208892822,0.03931640088558197,163.48667907714844,18.107402801513672,0,0
388,1,2.6680609346806583,0.9370831988629794,0.1995482131209312,0.13958338561666153,0.33122913036458246,0.0023049750212161824,0.7559065835197352,0.10728408132244757,0.6457615124918886,0.009350501083276196,-0.9728498038904468,0.5033215993546811,6.08880904333654e-14,forward,50.0,0.0,0.0,0.0,0.6895788311958313,1.3033335208892822,0.07569032162427902,163.48667907714844,18.107402801513672,0,0
392,0,-0.49887028094524405,-0.8574489334302074,0.19925935096350744,0.5512070527597985,0.8508521521157013,0.00381208192956603,0.5249644624925632,-0.15501372148043657,-0.7935447060471444,-0.265838031096439,-0.35255075646155964,0.22839275064906311,-7.739760761133824e-15,right,0.0,50.0,0.0,0.0,0.6368330121040344,1.3994276523590088,0.041741471737623215,162.5889892578125,18.755279541015625,0,0
392,1,2.6702801517190005,0.9384004592513815,0.1996735069900147,-0.032406704571124906,-0.25196847580818016,0.001651267878177043,0.753216149564209,0.09989748131070791,0.6501385815824254,0.002397916061053348,0.24871527319844905,-0.03256240802411215,-1.2903351458354911e-14,left,0.0,-50.0,0.0,0.0,0.7625946402549744,1.3994276523590088,0.09206971526145935,162.5889892578125,18.755279541015625,0,0
396,0,-0.4482027373753138,-0.7792376908979444,0.19946656817402306,0.7605736369962736,1.1740338093292595,0.002730948657211324,0.5207720918174277,-0.20338902047584703,-0.7840812172952171,-0.2695291810153901,-0.8412974918848756,0.5450172628028851,-3.4199480877960884,rotate_right,0.0,0.0,0.0,-5.0,0.6654055714607239,1.4727156162261963,0.044507045298814774,146.83360290527344,18.95066261291504,0,0
396,1,2.6703442963921558,0.9323752181272735,0.19976326663575722,0.028405150616352064,0.031399014412332116,0.00118295668300189,0.7513090971936258,0.08829428892234943,0.6533509554572073,0.029517588332212043,-0.1569950720616598,0.14202575308175955,1.958823978031956e-15,forward,50.0,0.0,0.0,0.0,0.8073101043701172,1.4727156162261963,0.12450820207595825,146.83360290527344,18.95066261291504,0,0
400,0,-0.38816262342953856,-0.6894977477793579,0.19961501712483282,0.8056373361381952,1.2321267339589335,0.001956432392163171,0.504862821896155,-0.29742010208691244,-0.7601024205344237,-0.28088987920423863,-1.294234937375606,0.8482309071776705,-1.1878099308130379,rotate_left,0.0,0.0,0.0,5.0,0.6466771960258484,1.4083166122436523,0.06105358526110649,163.59683227539062,19.55390167236328,0,0
400,1,2.6723060659026903,0.9309989348886326,0.199827569814059,0.05245477383158091,0.06314125844684142,0.0008474618396865363,0.7469638075648787,0.06731801757732604,0.6597002249756547,0.04805172072577877,-0.3157062922341779,0.2622738691578723,1.6705988128063736,forward,50.0,0.0,0.0,0.0,0.7616393566131592,1.4083166122436523,0.1446467638015747,163.59683227539062,19.55390167236328,0,0
404,0,-0.3363616597356459,-0.6031338788432765,0.1971371836280963,0.8458942061587313,1.3185915243704185,0.014884259331796712,0.502055910995895,-0.3552140923356379,-0.7453928865553665,-0.25720080776099713,-1.566027335790832,1.019631282157888,-1.065879696982042,right,0.0,50.0,0.0,0.0,0.7192906141281128,1.4434725046157837,0.07463239878416061,157.93508911132812,18.596467971801758,0,0
404,1,2.672758995837792,0.9314891955880977,0.1998736361583004,0.026949344036916293,0.029116455426189455,0.0006071156958240009,0.7478665852049989,0.11256311799080694,0.6542138813794451,-0.005414112341184922,-0.1455822771308894,0.13474672018473471,-3.2801451929639946,forward,50.0,0.0,0.0,0.0,0.7241818904876709,1.4434725046157837,0.06828206777572632,157.93508911132812,18.596467971801758,0,0
408,0,-0.3123659074584112,-0.573932281167049,0.19794626243499563,0.19355210871139814,0.14592112123177411,0.01066297860004184,-0.49986408870179533,0.3840734263767301,0.7344794325152859,0.2513234155218847,-0.23820792986337586,0.31596280749244815,-1.7310321119080867,rotate_right,0.0,0.0,0.0,-5.0,0.7421121001243591,1.5662405490875244,0.08869807422161102,158.0411834716797,17.814802169799805,0,0
408,1,2.677590486936083,0.942878127196179,0.19990663776300785,0.10247617426455934,0.2908522603867307,0.00043493341039191336,0.7419030952300781,0.14266942811174024,0.6525069374225484,-0.05882115423676358,-0.5950834809336408,0.3281321884735806,-3.047091940398862,rotate_right,0.0,0.0,0.0,-5.0,0.8241284489631653,1.5662405490875244,0.15650230646133423,158.0411834716797,17.814802169799805,0,0
412,0,-0.29682599494128215,-0.5665443191762299,0.19852588079634273,0.41389315969106166,0.1426458700183225,0.007638882801683178,-0.47131684471272434,0.4997498877355685,0.6600410038501864,0.3040663658393786,-0.28567451720665243,1.0372610216587657,-4.520462504231139,right,0.0,50.0,0.0,0.0,0.6619037985801697,1.5196995735168457,0.05526085942983627,150.3829345703125,17.51519203186035,0,0
412,1,2.6845302377205016,0.9597264914308259,0.19993027988028872,0.11186361872158057,0.24136627154597678,0.00031158323326196946,0.7375090356762548,0.10418809982146943,0.6635222638328555,-0.07045188109337237,-1.2068313577296583,0.5593180936079035,2.2509966053082646,rotate_left,0.0,0.0,0.0,5.0,0.8577958345413208,1.5196995735168457,0.15316453576087952,150.3829345703125,17.51519203186035,0,0
416,0,-0.2599216478245348,-0.5537869517471944,0.19894111530989866,0.5903020076583056,0.16987404749844323,0.0054724418613976145,-0.43344673590943705,0.6261147214134088,0.5465669709641675,0.34838029365898304,-0.5171238607366523,1.5291009513184468,-5.179884211963662,right,0.0,50.0,0.0,0.0,0.6242992281913757,1.5249547958374023,0.041444603353738785,147.4396514892578,17.738210678100586,0,0
416,1,2.6893527247835824,0.9793319261900342,0.20029380646267766,0.0761273305813697,0.49735277116000987,-0.10173017469630655,0.7329527839825148,0.001718096374784126,0.6801137949893319,-0.014916114183558187,-1.0438793678018592,0.4837963599603034,3.542396107955473,right,0.0,50.0,0.0,0.0,0.9006553888320923,1.5249547958374023,0.19114713370800018,147.4396514892578,17.738210678100586,0,0
420,0,-0.21965411375418148,-0.5469260040425399,0.19923858639215858,0.4224200231701911,0.09692867922283699,0.003920418823508687,-0.3959073666181532,0.7359903994469229,0.4115768579514295,0.36356564603695307,-0.4846433961144445,2.1121001158514385,-5.905022799747483,rotate_right,0.0,0.0,0.0,-5.0,0.6738990545272827,1.4066710472106934,0.03819208964705467,164.5883331298828,19.031604766845703,0,0
420,1,2.6943397495699393,1.03045466076245,0.19849823171625994,0.03995641082745885,0.9402967509832405,0.007783138871731793,0.7188173456429898,-0.1097606197715422,0.6859615028889291,0.026665455265100748,-1.7865435428658272,0.4179001389925589,2.9989056964702616,right,0.0,50.0,0.0,0.0,0.7327719926834106,1.4066710472106934,0.1258367896080017,164.5883331298828,19.031604766845703,0,0
424,0,-0.19606156557883128,-0.5443274270487256,0.19945169258129436,0.002962604885958316,0.00025789539219730063,0.0028085604454252677,-0.3638357093593404,0.8012683923670039,0.30411886106662145,0.3648345629626169,-0.0012894769609866762,0.01481302442979194,-1.913706739059724e-09,stop,0.0,0.0,0.0,0.0,0.6786075234413147,1.438533067703247,0.07035757601261139,150.11492919921875,19.136024475097656,0,0
424,1,2.6954231558460817,1.028339390968539,0.1989213077035773,0.03213210162474068,-0.06273552727026013,0.005575785894380847,0.7175271615813817,-0.1058852498947535,0.6877553012676153,0.030589733996605754,0.3136776363513012,0.16066050812370242,-1.3397823323633645e-14,forward,50.0,0.0,0.0,0.0,0.7599254846572876,1.438533067703247,0.09227826446294785,150.11492919921875,19.136024475097656,0,0
428,0,-0.20511603227143557,-0.5442153644467677,0.19964136949367167,-0.11461615043197584,-0.046232491487434774,0.0018189417721500845,-0.36406554017507475,0.7968777132428458,0.3058985284651768,0.3726503493581123,0.18612493451822135,-0.4621730586324387,-2.2372185681004435e-07,backward,-50.0,0.0,0.0,0.0,0.6832498908042908,1.5397099256515503,0.05430249124765396,146.3491668701172,18.83778953552246,0,0
428,1,2.69951344725584,1.0186269193233781,0.19922439636243544,0.12182095799311518,-0.3468138544115634,0.003994453761169636,0.7111202642480043,-0.13256032894961597,0.685661682552512,0.08126368219491598,0.6258471597551012,0.2929480409095737,1.584369536682572,left,0.0,-50.0,0.0,0.0,0.8564600944519043,1.5397099256515503,0.15385711193084717,146.3491668701172,18.83778953552246,0,0
432,0,-0.24061314332129935,-0.5242937067216341,0.2008756944338206,-0.5684362479092596,0.44766873949884806,0.06943012953190462,-0.3600082541925715,0.7883235036247846,0.3121200850282999,0.38925719398347375,0.041910589293143015,-0.6369702673310431,4.016325679675124e-14,forward,50.0,0.0,0.0,0.0,0.683639407157898,1.6279027462005615,0.041535984724760056,141.2686309814453,19.314937591552734,0,0
432,1,2.7119304584111714,0.9864501187695146,0.19944152694389922,0.30066850292528197,-0.7753079979369715,0.002861598553636907,0.6985971752529805,-0.1285158008037101,0.687155244044777,0.15252326463231924,1.7616469643638555,0.6908149176146534,1.394722931291149,left,0.0,-50.0,0.0,0.0,0.9442633390426636,1.6279027462005615,0.1799544394016266,141.2686309814453,19.314937591552734,0,0
436,0,-0.26757534620712997,-0.5011918638392288,0.20075626964115192,0.13460260435068158,0.058521342320821665,0.0750041989914316,-0.3572821061084151,0.7839860869211743,0.3155808346819183,0.3976481471731308,-2.4923906893800736e-14,-3.5401072998409715e-14,-1.4397499615592068e-29,forward,50.0,0.0,0.0,0.0,0.7329756021499634,1.7562960386276245,0.0760887935757637,151.47467041015625,19.37668228149414,0,0
436,1,2.7296911927332532,0.943737788853785,0.19959707776385902,0.41545669773229355,-0.9043365584567437,0.0020500290580389158,0.6714155336111914,-0.13275516103358698,0.680589762687267,0.2614857995567541,2.28893842414852,0.9194299743141707,2.795022841768664,left,0.0,-50.0,0.0,0.0,1.0233204364776611,1.7562960386276245,0.4335368871688843,151.47467041015625,19.37668228149414,0,0
440,0,-0.29399657621599307,-0.4729027497829363,0.19945748523387202,-0.7036226492980242,0.6342353498269889,0.002778337910276693,-0.3541686446560065,0.7838326868997639,0.31772580443943643,0.3990253165944951,-0.19934373724374244,-0.20811843659141005,-5.54578729906504e-15,left,0.0,-50.0,0.0,0.0,0.6026091575622559,1.3144406080245972,0.04542358219623566,145.27230834960938,19.084739685058594,0,0
440,1,2.7744260655883943,0.8599674776133367,0.199708513276196,0.7981053285824095,-1.401681224375108,0.0014686263849542358,0.6396178406510858,-0.10136048147866866,0.6708648483555381,0.3613245438053656,2.7991672159645127,1.2946349726222401,0.6899119046338433,left,0.0,-50.0,0.0,0.0,0.7118313908576965,1.3144406080245972,0.11409781873226166,145.27230834960938,19.084739685058594,0,0
444,0,-0.36954076611606873,-0.41109339187039606,0.19960851017045253,-1.2454518935619223,1.0003729470568528,0.001990381719445794,-0.3344154876868818,0.7871386154001255,0.3160140784171323,0.4107483219482327,-0.4972436342413063,-0.5780445867822407,-1.7310108599471266,rotate_right,0.0,0.0,0.0,-5.0,0.5911809802055359,1.3658071756362915,0.0679226741194725,132.35562133789062,19.22924041748047,0,0
444,1,2.814312717662824,0.7851547494954451,0.19978034633840308,0.5695820605888144,-1.0994707781190798,-0.08159494658739198,0.5991599760006446,-0.04256801756281753,0.65891775140349,0.4527943064185406,2.8448560637079496,1.3965575389019025,2.3174347144917236,rotate_left,0.0,0.0,0.0,5.0,0.7746261358261108,1.3658071756362915,0.17517077922821045,132.35562133789062,19.22924041748047,0,0
448,0,-0.4177977443127175,-0.37008391579250005,0.20099760992021867,0.12645817596629425,0.05943076280703647,0.0782802883563814,-0.31162846660931803,0.7940481191578095,0.3018178100445871,0.42577140909243755,7.825834555545566e-15,5.291350674733199e-17,-1.3767454765213148e-30,forward,50.0,0.0,0.0,0.0,0.6394089460372925,1.449633002281189,0.047409556806087494,145.93310546875,19.121017456054688,0,0
448,1,2.8275558836239014,0.7353227553897086,0.2008419720591816,0.14840192508754274,-0.743336770937706,0.0512064172731722,0.5386939410507504,-0.015337545292488328,0.6367172079522248,0.551511373116761,2.515493823968528,1.2194925412160982,1.9685644490757432,backward,-50.0,0.0,0.0,0.0,0.8102241158485413,1.449633002281189,0.1750841587781906,145.93310546875,19.121017456054688,0,0
452,0,-0.4258596601722025,-0.3471770179934752,0.19355211876386358,-0.2861168341684932,0.3940589656999316,-0.4435611216508616,-0.3116284666093182,0.7940481191578095,0.3018178100445871,0.42577140909243755,7.568216090474753e-15,5.117164825377334e-17,-1.3307285903834222e-30,backward,-50.0,0.0,0.0,0.0,0.6665868759155273,1.5741000175476074,0.05961483716964722,141.92813110351562,19.80925178527832,0,0
452,1,2.8143606181069685,0.69918395010554,0.20907811969596599,-0.21353045847627986,-0.5940650067285522,0.1543534742997734,0.4803439944659958,0.008280246175986807,0.6101489795390266,0.6300153230447662,2.17850944428111,1.0561250411175247,1.7048486476590938,backward,-50.0,0.0,0.0,0.0,0.9075132608413696,1.5741000175476074,0.22137998044490814,141.92813110351562,19.80925178527832,0,0
456,0,-0.45189330616752865,-0.32771560417352963,0.19662774392155388,-0.5026300674718832,0.43220132744175754,0.017542205626757457,-0.2795188859117976,0.7843622067903312,0.32434689497241037,0.4488253699373347,-0.7827127353862717,-1.2778394393298256,-5.40017588480414e-14,left,0.0,-50.0,0.0,0.0,0.6280561685562134,1.4126358032226562,0.02930079959332943,146.88693237304688,18.91765785217285,0,0
456,1,2.8056412567130793,0.6930188480348712,0.1990378027412427,-0.1630108829563418,0.04505986693039864,-0.10472545381872364,0.4662153146185464,0.01368928098402036,0.60311776701557,0.6470740630804352,0.0,0.0,0.0,right,0.0,50.0,0.0,0.0,0.7845796346664429,1.4126358032226562,0.20179682970046997,146.88693237304688,18.91765785217285,0,0
460,0,-0.5004930425420258,-0.28781333263545317,0.19758130341568472,-0.8586896213160837,0.6932829934657939,0.0125671126138453,-0.2531851400917253,0.7566432908919978,0.38512386277176164,0.46375405713440204,-1.1761688665179522,-1.646249625752914,-0.1529538815048335,rotate_right,0.0,0.0,0.0,-5.0,0.5749385356903076,1.3869013786315918,0.039885785430669785,138.4875946044922,20.464815139770508,0,0
460,1,2.809580240139624,0.6899988742739115,0.1993078525872942,0.11434498122429941,-0.031226379232987902,0.003559029979330691,0.47034446076655834,0.029537285504058517,0.6044391230637814,0.6423059889967976,0.15613189616495723,0.5717249061216164,-1.7310154766180192,rotate_right,0.0,0.0,0.0,-5.0,0.811962902545929,1.3869013786315918,0.315929114818573,138.4875946044922,20.464815139770508,0,0
464,0,-0.5584512460454815,-0.23606819292090234,0.19948571555533992,-0.9572698269615159,0.7628948453415947,0.0026310492765225235,-0.1678377518310174,0.7593897485940099,0.3740918739448776,0.50518607328295,-1.5516597101226655,-2.0453847454866834,-1.6915128298652666,backward,-50.0,0.0,0.0,0.0,0.6400561332702637,1.352268099784851,0.056218430399894714,137.51806640625,20.461183547973633,0,0
464,1,2.8267684283858947,0.6759817178261756,0.1995013143958555,0.3959028230283682,-0.397555283538653,0.0025496640216807684,0.4928215580659979,0.07662039123533183,0.6074918843472834,0.6182312172678874,0.1608330868330349,0.5647210966740464,-1.5659277346133955,backward,-50.0,0.0,0.0,0.0,0.7122119069099426,1.352268099784851,0.04353751987218857,137.51806640625,20.461183547973633,0,0
468,0,-0.6362148414373227,-0.17124113783482633,0.19962873417400911,-1.201630658769629,1.022101389882814,0.001884865178985562,-0.03870139962092383,0.7636991984277388,0.33234825187889055,0.5520963461763321,-1.8808544124371929,-2.3831413962982575,-4.739527028651843,rotate_right,0.0,0.0,0.0,-5.0,0.6932010650634766,1.5464649200439453,0.05979448929429054,145.0790252685547,20.122285842895508,0,0
468,1,2.854637985560599,0.6479302059474782,0.20143219054554432,0.4576057584835296,-0.551229541570994,0.03795216074213714,0.533381772318671,0.16626315148274368,0.5997435223158016,0.5728596310244382,0.6147006143401946,0.9505152937728917,-2.9122311691259477,backward,-50.0,0.0,0.0,0.0,0.853263795375824,1.5464649200439453,0.18543031811714172,145.0790252685547,20.122285842895508,0,0
472,0,-0.7130394953144803,-0.10090616731884042,0.19973119170557266,-1.1409272458734856,1.1178301685534575,0.0013503041447762432,0.17013218367956667,0.7757635584512103,0.17871475965636374,0.5807813496803302,-2.0169174792878457,-2.3927950299935885,-8.179501811618307,rotate_right,0.0,0.0,0.0,-5.0,0.6781352162361145,1.321656584739685,0.06718450784683228,156.09181213378906,19.307392120361328,0,0
472,1,2.8780350277801654,0.6091281950327042,0.2067833232809058,0.3173856354189682,-0.5841813084971216,-0.014499402585644167,0.5537049957965496,0.2371097280634566,0.5903274415709511,0.5373111446972898,0.5373090876326769,0.8308443059329198,-0.8094667457421696,rotate_left,0.0,0.0,0.0,5.0,0.6435213685035706,1.321656584739685,0.18513387441635132,156.09181213378906,19.307392120361328,0,0
476,0,-0.7804728925579432,-0.039879243135595675,0.1998045915598789,-0.9340280812742832,0.9799156905625802,0.0009673483830927587,0.383607498305894,0.7379184837815757,-0.015597359047703796,0.5550480347931438,-1.9817973874668322,-2.22018084554995,-9.037546046964193,rotate_right,0.0,0.0,0.0,-5.0,0.6795995235443115,1.4399874210357666,0.07283958792686462,132.1136474609375,18.556053161621094,0,0
476,1,2.8886877030541385,0.5812742130264378,0.2076629779855791,0.13625205262770396,-0.3890659002959674,-0.17016500078593008,0.5547491246676067,0.28381548046519783,0.585510558783496,0.5185359845583248,0.49206948716037446,0.7608900369279098,-0.6882194348989983,rotate_left,0.0,0.0,0.0,5.0,0.7603878974914551,1.4399874210357666,0.1474469155073166,132.1136474609375,18.556053161621094,0,0
480,0,-0.835631239634785,0.025119452384331085,0.1994422514342929,-0.8398832312913347,0.8732931218236766,0.0028578186037792608,0.5576012072611655,0.6444111470149729,-0.20237215983244122,0.4825563968993581,-1.952537408063825,-2.0514839019990587,-6.030880540308808,rotate_left,0.0,0.0,0.0,5.0,0.6359014511108398,1.428671956062317,0.05097676068544388,145.55642700195312,20.193391799926758,0,0
480,1,2.8870861981013487,0.5753982674203644,0.2005000441907101,-0.11047869778159863,0.12119998334257531,-0.13740968601668274,0.5471055199625926,0.31775698438497274,0.5842203836347345,0.5083233146794601,0.4583938284984653,0.7088171613860849,-0.641119902457156,right,0.0,50.0,0.0,0.0,0.7927706241607666,1.428671956062317,0.15104931592941284,145.55642700195312,20.193391799926758,0,0
484,0,-0.906909538904627,0.07058440758386154,0.1995975967836803,-1.0418208087488943,0.632081092764553,0.0020473211287847237,0.6702407288790817,0.5142288497340695,-0.34331604403363225,0.41046333497878995,-1.8376369355350544,-2.3396225327930242,-7.9752572493359795,rotate_right,0.0,0.0,0.0,-5.0,0.6473363041877747,1.2585852146148682,0.055648695677518845,128.7374267578125,19.8612060546875,0,0
484,1,2.8838343129596207,0.5732457973238773,0.1948176612112479,-0.05710945271842958,-0.08898349081630148,0.13851968444680018,0.5492786991111013,0.3379450184631776,0.5801255888707537,0.4975342966430557,0.12071389173894237,0.16382327053560844,-0.5852297503977307,right,0.0,50.0,0.0,0.0,0.6112488508224487,1.2585852146148682,0.0943307876586914,128.7374267578125,19.8612060546875,0,0
488,0,-0.9708649689996258,0.10967006624942932,0.1997088850983491,-0.9117940347203818,0.5595518668133844,0.0014666864434097482,0.7520087535902852,0.33990985794108186,-0.48527201699476213,0.2888861237925673,-1.668571616495725,-2.3640277289517577,-9.286084079113255,rotate_right,0.0,0.0,0.0,-5.0,0.6079750061035156,1.3150651454925537,0.04859447851777077,132.14895629882812,19.1611270904541,0,0
488,1,2.8811316934665796,0.5620312429041757,0.1987422629872993,-0.03756205968109303,-0.25774403418406056,0.03704007556478174,0.5558947000983856,0.3528672207264279,0.5699921676647317,0.4915025287220735,0.2559360114265735,-0.05151535400238545,-0.5479309314251688,backward,-50.0,0.0,0.0,0.0,0.7070900797843933,1.3150651454925537,0.06723318994045258,132.14895629882812,19.1611270904541,0,0
492,0,-1.0267642263865258,0.1441429028571381,0.19978861126350697,-0.7961336297442626,0.49221012045149487,0.0010507238425408183,0.7848078637825255,0.07982116749436566,-0.6130288997007994,0.04359777857382698,-1.42683064874473,-2.1558478130185934,-12.041846855795747,rotate_right,0.0,0.0,0.0,-5.0,0.7342789173126221,1.4500665664672852,0.06944678723812103,152.02955627441406,19.834884643554688,0,0
492,1,2.8833861309477484,0.5197695269856099,0.1990961299881666,0.03433566136546992,-0.4791488370953288,0.0046636696268949895,0.55579382564263,0.3757321627760485,0.5518876618095117,0.49531664011578785,1.1983084958135162,0.04633689692633487,-0.4921410402653012,forward,50.0,0.0,0.0,0.0,0.7157875299453735,1.4500665664672852,0.10198147594928741,152.02955627441406,19.834884643554688,0,0
496,0,-1.064167440823742,0.1585230667781355,0.1998457265269522,-0.0025599068152648043,0.0016346652914837438,0.0007527311637256506,0.7339611274976867,-0.12552018536795936,-0.6474649964045613,-0.16228008139743766,-0.00817332645741859,-0.012799534076324328,2.213604709070175e-09,stop,0.0,0.0,0.0,0.0,0.6803837418556213,1.3860288858413696,0.02362884394824505,152.06053161621094,19.756710052490234,0,0
496,1,2.885441830706598,0.49538401692946554,0.19934963781636697,-0.02171653870987483,0.24955568281108836,0.003341020088503205,0.5515333623370259,0.3916094846179243,0.539295115506704,0.5016111443908611,-0.26466432338825874,-0.023031304914563528,-1.04828277009251e-15,forward,50.0,0.0,0.0,0.0,0.7056453227996826,1.3860288858413696,0.08573022484779358,152.06053161621094,19.756710052490234,0,0
